number,player,team,age,season,gp,w,l,min_column,pts,fgm,fga,fg,threepm,threepa,threep,ftm,fta,ft,oreb,dreb,reb,ast,tov,stl,blk,pf,fp,dd2,td3,plus_minus,rankings,predictions
0,Aaron Gordon,ORL,24,2019-20,62,30,32,32.5,14.4,5.4,12.4,43.7,1.2,3.8,30.8,2.4,3.6,67.4,1.7,5.9,7.7,3.7,1.6,0.8,0.6,2.0,31.9,20.0,1.0,-1.1,80.0,81.0
1,Aaron Holiday,IND,23,2019-20,66,42,24,24.5,9.5,3.5,8.5,41.4,1.3,3.3,39.4,1.1,1.3,85.1,0.3,2.0,2.4,3.4,1.3,0.8,0.2,1.8,19.3,3.0,0.0,1.7,76.0,76.0
2,Abdel Nader,OKC,26,2019-20,55,37,18,15.8,6.3,2.2,4.8,46.8,0.9,2.3,37.5,0.9,1.2,77.3,0.3,1.6,1.8,0.7,0.8,0.4,0.4,1.4,11.1,0.0,0.0,-1.5,71.0,73.0
3,Adam Mokoka,CHI,21,2019-20,11,3,8,10.2,2.9,1.1,2.5,42.9,0.5,1.4,40.0,0.2,0.4,50.0,0.6,0.3,0.9,0.4,0.2,0.4,0.0,1.5,5.5,0.0,0.0,4.5,68.0,72.0
4,Admiral Schofield,WAS,23,2019-20,33,9,24,11.2,3.0,1.1,2.8,38.0,0.6,1.8,31.1,0.3,0.5,66.7,0.2,1.2,1.4,0.5,0.2,0.2,0.1,1.5,6.3,0.0,0.0,-1.7,71.0,69.0
5,Al Horford,PHI,34,2019-20,67,39,28,30.2,11.9,4.8,10.6,45.0,1.5,4.2,35.0,0.9,1.2,76.3,1.5,5.3,6.8,4.0,1.2,0.8,0.9,2.1,30.0,6.0,0.0,1.9,80.0,79.0
6,Al-Farouq Aminu,ORL,29,2019-20,18,7,11,21.1,4.3,1.4,4.8,29.1,0.5,2.0,25.0,1.1,1.6,65.5,1.3,3.5,4.8,1.2,0.9,1.0,0.4,1.5,15.3,1.0,0.0,-1.9,75.0,73.0
7,Alec Burks,PHI,28,2019-20,66,21,45,26.6,15.0,4.9,11.6,41.8,1.8,4.6,38.5,3.6,4.0,88.7,0.7,3.5,4.3,2.9,1.4,0.9,0.3,1.9,26.7,1.0,0.0,-3.4,77.0,78.0
8,Alen Smailagic,GSW,19,2019-20,14,1,13,9.9,4.2,1.4,2.9,50.0,0.2,0.9,23.1,1.1,1.4,84.2,0.7,1.2,1.9,0.9,0.8,0.2,0.3,1.0,8.6,0.0,0.0,-0.6,71.0,69.0
9,Alex Caruso,LAL,26,2019-20,64,48,16,18.4,5.5,1.9,4.5,41.2,0.6,1.9,33.3,1.1,1.5,73.4,0.3,1.7,1.9,1.9,0.8,1.1,0.3,1.5,14.0,0.0,0.0,3.8,74.0,75.0
10,Alex Len,SAC,27,2019-20,55,18,37,17.6,8.0,3.2,5.8,55.5,0.3,1.1,27.1,1.2,1.9,64.8,1.8,4.0,5.8,0.9,1.0,0.4,0.9,2.3,19.2,8.0,0.0,-2.0,76.0,76.0
11,Alfonzo McKinnie,CLE,27,2019-20,40,11,29,14.8,4.6,1.8,4.3,42.7,0.4,1.6,21.5,0.6,0.8,71.0,0.9,1.9,2.8,0.4,0.7,0.6,0.2,1.8,10.1,1.0,0.0,-2.3,70.0,73.0
12,Alize Johnson,IND,24,2019-20,17,10,7,6.9,2.0,0.7,1.7,41.4,0.2,0.5,37.5,0.4,0.6,70.0,0.9,1.9,2.8,0.4,0.4,0.2,0.1,0.7,6.5,1.0,0.0,1.5,70.0,70.0
13,Allen Crabbe,MIN,28,2019-20,37,5,32,17.6,4.6,1.7,4.8,35.6,1.0,3.2,30.3,0.3,0.4,71.4,0.3,1.8,2.1,0.9,0.5,0.4,0.1,1.3,9.6,0.0,0.0,-6.0,72.0,72.0
14,Allonzo Trier,NYK,24,2019-20,24,2,22,12.1,6.5,2.1,4.4,48.1,0.8,2.2,35.8,1.4,1.8,79.1,0.3,1.0,1.2,1.2,0.9,0.1,0.2,1.2,9.6,0.0,0.0,-3.0,75.0,72.0
15,Amile Jefferson,ORL,27,2019-20,18,5,13,4.1,0.8,0.3,0.8,35.7,0.0,0.0,0.0,0.3,0.8,35.7,0.6,0.7,1.3,0.2,0.2,0.1,0.2,0.4,3.2,0.0,0.0,1.0,69.0,70.0
16,Amir Coffey,LAC,23,2019-20,18,11,7,8.8,3.2,1.3,3.0,42.6,0.3,1.1,31.6,0.3,0.6,54.5,0.2,0.7,0.9,0.8,0.4,0.3,0.1,1.1,6.2,0.0,0.0,-0.3,68.0,72.0
17,Andre Drummond,CLE,26,2019-20,57,21,36,33.0,17.7,7.3,13.8,53.3,0.1,0.6,14.3,3.0,5.2,57.5,4.4,10.8,15.2,2.7,3.6,1.9,1.6,3.5,47.0,47.0,0.0,-3.4,85.0,86.0
18,Andre Iguodala,MIA,36,2019-20,21,10,11,19.9,4.6,1.8,4.2,43.2,0.7,2.2,29.8,0.3,0.7,40.0,0.8,2.9,3.7,2.4,1.2,0.7,1.0,1.7,16.4,0.0,0.0,-1.2,76.0,72.0
19,Andre Roberson,OKC,28,2019-20,7,3,4,12.4,2.9,1.1,4.1,27.6,0.4,2.0,21.4,0.1,0.3,50.0,1.0,2.9,3.9,0.6,0.3,0.1,0.4,1.9,9.8,0.0,0.0,-0.4,72.0,70.0
20,Andrew Wiggins,GSW,25,2019-20,54,15,39,34.4,21.8,8.1,18.1,44.7,2.1,6.2,33.2,3.5,5.0,70.9,1.2,3.9,5.1,3.7,2.4,0.8,1.0,2.4,36.3,4.0,1.0,-3.7,82.0,84.0
21,Anfernee Simons,POR,21,2019-20,70,32,38,20.7,8.3,3.1,7.7,39.9,1.1,3.2,33.2,1.1,1.3,82.6,0.4,1.8,2.2,1.4,0.9,0.4,0.1,1.9,13.6,1.0,0.0,-3.5,72.0,73.0
22,Ante Zizic,CLE,23,2019-20,22,4,18,10.0,4.4,1.9,3.3,56.9,0.0,0.0,0.0,0.6,0.9,73.7,0.8,2.2,3.0,0.3,0.5,0.3,0.2,1.2,9.6,1.0,0.0,0.6,73.0,74.0
23,Anthony Davis,LAL,27,2019-20,62,46,16,34.4,26.1,8.9,17.7,50.3,1.2,3.5,33.0,7.2,8.5,84.6,2.3,7.0,9.3,3.2,2.5,1.5,2.3,2.5,50.9,29.0,0.0,3.9,95.0,90.0
24,Anthony Tolliver,MEM,35,2019-20,55,24,31,15.9,3.6,1.2,3.3,35.7,0.9,2.6,33.8,0.4,0.5,72.4,0.6,2.2,2.8,0.8,0.6,0.3,0.2,1.3,9.2,1.0,0.0,-1.9,71.0,72.0
25,Antonius Cleveland,DAL,26,2019-20,11,6,5,4.2,1.0,0.4,1.3,28.6,0.0,0.3,0.0,0.3,0.5,60.0,0.2,0.5,0.6,0.1,0.2,0.1,0.3,0.7,2.8,0.0,0.0,-1.1,67.0,70.0
26,Anzejs Pasecniks,WAS,24,2019-20,27,9,18,16.2,5.8,2.3,4.3,52.6,0.0,0.1,0.0,1.3,2.1,58.6,1.6,2.4,4.0,0.7,0.9,0.3,0.4,2.8,13.0,0.0,0.0,-0.1,72.0,74.0
27,Aron Baynes,PHX,33,2019-20,42,19,23,22.2,11.5,4.4,9.1,48.0,1.4,4.0,35.1,1.3,1.8,74.7,1.7,4.0,5.6,1.6,1.2,0.2,0.5,3.4,21.8,3.0,0.0,-1.1,78.0,77.0
28,Austin Rivers,HOU,27,2019-20,68,43,25,23.4,8.8,3.1,7.4,42.1,1.4,4.0,35.6,1.1,1.6,70.3,0.4,2.2,2.6,1.7,0.7,0.7,0.1,1.9,16.2,0.0,0.0,1.2,75.0,76.0
29,Avery Bradley,LAL,29,2019-20,49,36,13,24.2,8.6,3.5,7.8,44.4,1.3,3.5,36.4,0.4,0.5,83.3,0.4,2.0,2.3,1.3,1.0,0.9,0.1,2.2,15.4,0.0,0.0,3.7,74.0,75.0
30,BJ Johnson,ORL,24,2019-20,10,5,5,8.3,3.0,0.9,3.2,28.1,0.3,0.9,33.3,0.9,1.0,90.0,0.3,1.2,1.5,0.3,0.6,0.3,0.0,0.3,5.6,0.0,0.0,-0.9,68.0,69.0
31,Bam Adebayo,MIA,22,2019-20,72,44,28,33.6,15.9,6.1,11.0,55.7,0.0,0.2,14.3,3.7,5.3,69.1,2.4,7.8,10.2,5.1,2.8,1.1,1.3,2.5,40.3,40.0,3.0,3.4,86.0,87.0
32,Ben McLemore,HOU,27,2019-20,71,44,27,22.8,10.1,3.4,7.7,44.4,2.5,6.4,40.0,0.7,0.9,74.6,0.3,1.9,2.2,0.8,0.7,0.6,0.2,2.2,15.8,1.0,0.0,2.6,74.0,75.0
33,Ben Simmons,PHI,23,2019-20,57,35,22,35.4,16.4,6.6,11.4,58.0,0.0,0.1,28.6,3.2,5.2,62.1,2.0,5.8,7.8,8.0,3.5,2.1,0.6,3.3,42.3,31.0,6.0,1.1,87.0,87.0
34,Bismack Biyombo,CHA,27,2019-20,53,18,35,19.4,7.4,2.8,5.2,54.3,0.0,0.0,0.0,1.7,2.8,60.3,2.3,3.5,5.8,0.9,0.9,0.2,0.9,2.2,18.2,8.0,0.0,-2.9,76.0,76.0
35,Blake Griffin,DET,31,2019-20,18,8,10,28.5,15.5,4.9,13.9,35.2,1.5,6.2,24.3,4.2,5.4,77.6,0.9,3.7,4.7,3.3,2.2,0.4,0.4,1.5,26.1,2.0,0.0,-1.4,83.0,83.0
36,Boban Marjanovic,DAL,31,2019-20,44,21,23,9.6,6.6,2.8,4.8,57.3,0.1,0.4,23.5,1.0,1.3,75.4,1.5,3.0,4.5,0.5,0.7,0.2,0.2,1.3,13.2,6.0,0.0,1.1,75.0,75.0
37,Bobby Portis,NYK,25,2019-20,66,21,45,21.1,10.1,4.0,8.9,45.0,1.0,2.8,35.8,1.1,1.4,76.3,1.2,3.9,5.1,1.5,1.1,0.5,0.3,1.7,19.7,5.0,0.0,-2.9,77.0,76.0
38,Bogdan Bogdanovic,SAC,27,2019-20,61,29,32,28.9,15.1,5.5,12.6,44.0,2.7,7.2,37.2,1.4,1.9,74.1,0.4,3.0,3.4,3.4,1.7,1.0,0.2,2.2,26.5,2.0,0.0,-0.7,79.0,79.0
39,Bojan Bogdanovic,UTA,31,2019-20,63,41,22,33.1,20.2,6.6,14.8,44.7,3.0,7.3,41.4,4.0,4.4,90.3,0.6,3.5,4.1,2.1,2.5,0.5,0.1,1.7,27.7,0.0,0.0,4.2,81.0,87.0
41,Brad Wanamaker,BOS,30,2019-20,71,48,23,19.3,6.9,2.3,5.1,44.8,0.5,1.4,36.3,1.8,1.9,92.6,0.3,1.7,2.0,2.5,1.1,0.9,0.2,1.9,15.2,0.0,0.0,1.9,73.0,74.0
42,Bradley Beal,WAS,27,2019-20,57,20,37,36.0,30.5,10.4,22.9,45.5,3.0,8.4,35.3,6.8,8.0,84.2,0.9,3.3,4.2,6.1,3.4,1.2,0.4,2.2,46.3,8.0,0.0,-3.5,88.0,90.0
43,Brandon Clarke,MEM,23,2019-20,58,29,29,22.4,12.1,5.1,8.3,61.8,0.4,1.1,35.9,1.5,1.9,75.9,1.6,4.4,5.9,1.4,0.9,0.6,0.8,1.7,24.5,3.0,0.0,-0.3,80.0,78.0
44,Brandon Goodwin,ATL,24,2019-20,34,13,21,12.7,6.1,2.2,5.6,40.0,0.8,2.6,29.9,0.8,0.9,93.3,0.3,1.8,2.1,1.5,0.9,0.4,0.1,1.3,11.4,0.0,0.0,-3.8,71.0,73.0
45,Brandon Ingram,NOP,22,2019-20,62,25,37,33.9,23.8,8.2,17.7,46.3,2.4,6.2,39.1,5.0,5.9,85.1,0.8,5.3,6.1,4.2,3.0,1.0,0.6,2.9,39.2,9.0,0.0,-0.7,86.0,88.0
46,Brandon Knight,DET,28,2019-20,25,4,21,18.5,7.3,2.4,6.7,35.3,1.8,5.2,34.4,0.8,1.4,58.8,0.2,1.5,1.6,2.8,1.5,0.4,0.1,1.6,13.5,0.0,0.0,-2.8,70.0,72.0
47,Brian Bowen II,IND,21,2019-20,6,5,1,5.2,1.0,0.5,1.7,30.0,0.0,0.3,0.0,0.0,0.0,0.0,0.2,1.0,1.2,0.0,0.2,0.0,0.2,0.5,2.7,0.0,0.0,2.2,68.0,71.0
49,Brook Lopez,MIL,32,2019-20,68,53,15,26.7,12.0,4.3,9.9,43.5,1.5,4.8,31.4,1.9,2.2,83.6,0.9,3.7,4.6,1.5,1.0,0.7,2.4,2.4,27.8,4.0,0.0,7.7,82.0,79.0
50,Bruce Brown,DET,23,2019-20,58,18,40,28.2,8.9,3.4,7.7,44.3,0.6,1.7,34.4,1.5,2.1,73.9,1.1,3.7,4.7,4.0,1.7,1.1,0.5,2.8,23.6,4.0,0.0,-2.4,74.0,77.0
51,Bruno Caboclo,HOU,24,2019-20,30,11,19,8.1,3.0,1.3,3.0,42.7,0.2,1.1,18.2,0.3,0.3,88.9,0.8,1.2,2.0,0.4,0.4,0.5,0.6,1.0,8.8,1.0,0.0,-1.1,72.0,72.0
52,Bruno Fernando,ATL,21,2019-20,56,18,38,12.7,4.3,1.8,3.6,51.8,0.1,0.7,13.5,0.5,0.9,56.9,1.2,2.3,3.5,0.9,0.8,0.3,0.3,1.9,11.0,1.0,0.0,-1.7,73.0,73.0
53,Bryn Forbes,SAS,26,2019-20,63,27,36,25.1,11.2,3.8,9.2,41.7,2.3,6.0,38.8,1.2,1.4,83.3,0.2,1.8,2.0,1.7,0.9,0.5,0.0,1.8,16.9,0.0,0.0,-3.4,74.0,76.0
54,Buddy Hield,SAC,27,2019-20,72,31,41,30.8,19.2,6.9,16.1,42.9,3.8,9.6,39.4,1.6,1.9,84.6,0.8,3.8,4.6,3.0,2.3,0.9,0.2,2.3,30.2,2.0,0.0,-1.5,81.0,84.0
55,CJ McCollum,POR,28,2019-20,70,34,36,36.5,22.2,8.7,19.4,45.1,2.8,7.3,37.9,2.0,2.6,75.7,0.7,3.6,4.2,4.4,1.8,0.8,0.6,2.6,36.3,4.0,0.0,0.2,84.0,87.0
56,CJ Miles,WAS,33,2019-20,10,4,6,16.1,6.4,1.9,5.9,32.2,1.1,3.5,31.4,1.5,2.0,75.0,0.4,0.8,1.2,1.2,0.4,1.0,0.4,1.4,13.4,0.0,0.0,-0.8,73.0,72.0
57,Caleb Martin,CHA,24,2019-20,18,6,12,17.6,6.2,2.1,4.7,44.0,1.1,2.1,54.1,0.9,1.2,81.0,0.6,1.6,2.1,1.3,0.8,0.7,0.4,1.8,13.0,0.0,0.0,0.3,69.0,73.0
58,Caleb Swanigan,POR,23,2019-20,27,12,15,10.7,2.4,1.0,1.7,59.6,0.0,0.1,0.0,0.3,0.6,52.9,1.0,2.7,3.7,1.1,1.4,0.1,0.3,2.3,8.3,0.0,0.0,-1.6,69.0,72.0
59,Cam Reddish,ATL,20,2019-20,58,17,41,26.7,10.5,3.7,9.6,38.4,1.4,4.3,33.2,1.7,2.2,80.2,0.6,3.1,3.7,1.5,1.7,1.1,0.5,2.3,20.2,0.0,0.0,-4.2,73.0,76.0
60,Cameron Johnson,PHX,24,2019-20,57,28,29,22.0,8.8,3.1,7.1,43.5,1.9,4.8,39.0,0.8,1.0,80.7,0.9,2.4,3.3,1.2,0.6,0.6,0.4,1.5,17.0,2.0,0.0,0.2,76.0,76.0
61,Cameron Payne,PHX,25,2019-20,8,8,0,22.9,10.9,4.1,8.5,48.5,1.9,3.6,51.7,0.8,0.9,85.7,0.5,3.4,3.9,3.0,1.4,1.0,0.3,2.5,22.4,0.0,0.0,11.1,74.0,79.0
62,Caris LeVert,BKN,25,2019-20,45,21,24,29.6,18.7,6.9,16.3,42.5,1.8,4.9,36.4,3.1,4.4,71.1,1.1,3.1,4.2,4.4,2.6,1.2,0.2,1.8,32.0,2.0,1.0,-0.1,83.0,82.0
63,Carmelo Anthony,POR,36,2019-20,58,28,30,32.8,15.4,5.8,13.5,43.0,1.5,3.9,38.5,2.3,2.8,84.5,1.2,5.1,6.3,1.5,1.7,0.8,0.5,2.9,27.5,5.0,0.0,0.3,78.0,78.0
64,Carsen Edwards,BOS,22,2019-20,37,25,12,9.5,3.3,1.1,3.5,32.8,0.6,2.1,31.6,0.4,0.5,68.4,0.2,1.1,1.3,0.6,0.4,0.3,0.1,0.9,6.7,0.0,0.0,-1.3,70.0,70.0
65,Cedi Osman,CLE,25,2019-20,65,19,46,29.4,11.0,4.1,9.4,43.7,1.9,4.9,38.3,1.0,1.4,67.0,0.6,3.0,3.6,2.4,1.4,0.8,0.2,2.5,20.7,2.0,0.0,-5.4,75.0,76.0
66,Chandler Hutchison,CHI,24,2019-20,28,8,20,18.8,7.8,2.9,6.3,45.7,0.4,1.4,31.6,1.6,2.8,59.0,0.6,3.2,3.9,0.9,1.0,1.0,0.3,1.7,16.5,0.0,0.0,-5.1,75.0,74.0
67,Chandler Parsons,ATL,31,2019-20,5,0,5,10.8,2.8,1.0,3.6,27.8,0.8,2.8,28.6,0.0,0.0,0.0,0.2,1.2,1.4,0.6,0.6,0.8,0.2,0.6,7.8,0.0,0.0,-8.0,74.0,69.0
76,Chasson Randle,GSW,27,2019-20,3,2,1,13.5,1.7,0.0,1.3,0.0,0.0,0.7,0.0,1.7,2.0,83.3,0.0,0.7,0.7,1.7,0.0,0.7,0.0,1.0,7.0,0.0,0.0,-1.3,71.0,67.0
77,Cheick Diallo,PHX,23,2019-20,47,20,27,10.2,4.7,2.0,3.0,64.8,0.0,0.1,33.3,0.7,0.8,87.2,0.6,2.1,2.8,0.5,0.7,0.2,0.3,1.2,9.5,1.0,0.0,-1.0,73.0,74.0
78,Chimezie Metu,SAS,23,2019-20,18,8,10,5.8,3.2,1.3,2.3,57.1,0.0,0.1,0.0,0.6,0.7,76.9,0.7,1.2,1.8,0.6,0.6,0.2,0.3,0.4,7.2,0.0,0.0,-0.5,73.0,73.0
79,Chris Boucher,TOR,27,2019-20,62,45,17,13.2,6.6,2.3,4.8,47.2,0.6,1.9,32.2,1.5,1.9,78.4,1.7,2.7,4.5,0.4,0.5,0.4,1.0,1.8,16.2,5.0,0.0,1.6,77.0,75.0
80,Chris Chiozza,BKN,24,2019-20,28,14,14,14.3,5.1,2.0,5.0,39.3,1.0,2.6,37.5,0.2,0.2,100.0,0.3,1.6,1.9,3.0,1.1,0.8,0.1,1.3,13.3,1.0,0.0,3.3,72.0,72.0
81,Chris Clemons,HOU,22,2019-20,33,19,14,8.8,4.9,1.7,4.3,40.1,1.1,3.2,34.6,0.3,0.3,90.9,0.1,0.8,0.9,0.8,0.6,0.3,0.2,0.8,8.0,0.0,0.0,-1.9,73.0,73.0
82,Chris Paul,OKC,35,2019-20,70,44,26,31.5,17.6,6.2,12.7,48.9,1.6,4.3,36.5,3.6,4.0,90.7,0.4,4.6,5.0,6.7,2.3,1.6,0.2,2.3,36.6,10.0,0.0,4.7,88.0,90.0
87,Christian Wood,DET,24,2019-20,62,20,42,21.4,13.1,4.6,8.2,56.7,0.9,2.3,38.6,2.9,3.9,74.4,1.7,4.6,6.3,1.0,1.4,0.5,0.9,1.6,25.0,12.0,0.0,1.1,80.0,77.0
88,Clint Capela,ATL,26,2019-20,39,22,17,32.8,13.9,6.3,9.9,62.9,0.0,0.0,0.0,1.4,2.7,52.9,4.3,9.5,13.8,1.2,1.6,0.8,1.8,2.6,38.8,27.0,0.0,1.5,82.0,85.0
89,Coby White,CHI,20,2019-20,65,22,43,25.8,13.2,4.8,12.2,39.4,2.0,5.8,35.4,1.6,2.0,79.1,0.4,3.1,3.5,2.7,1.7,0.8,0.1,1.8,22.4,0.0,0.0,-2.5,77.0,79.0
90,Cody Martin,CHA,24,2019-20,48,16,32,18.8,5.0,1.9,4.3,43.0,0.4,1.6,23.4,0.9,1.4,64.6,0.8,2.5,3.3,2.0,0.9,0.8,0.2,1.6,14.0,0.0,0.0,-1.4,72.0,73.0
91,Cody Zeller,CHA,27,2019-20,58,18,40,23.1,11.1,4.3,8.3,52.4,0.3,1.3,24.0,2.1,3.1,68.2,2.8,4.3,7.1,1.5,1.3,0.7,0.4,2.4,23.9,10.0,0.0,-3.8,78.0,77.0
92,Collin Sexton,CLE,21,2019-20,65,19,46,33.0,20.8,7.9,16.7,47.2,1.5,3.9,38.0,3.5,4.1,84.6,0.9,2.2,3.1,3.0,2.4,1.0,0.1,2.2,29.8,0.0,0.0,-6.1,80.0,82.0
93,Corey Brewer,SAC,34,2019-20,5,2,3,6.5,1.0,0.4,0.8,50.0,0.0,0.2,0.0,0.2,0.6,33.3,0.4,1.2,1.6,0.4,0.4,0.8,0.0,1.4,5.5,0.0,0.0,1.0,73.0,70.0
94,Cory Joseph,SAC,28,2019-20,72,31,41,24.4,6.4,2.4,5.7,41.5,0.8,2.2,35.2,0.8,1.0,85.7,0.6,2.0,2.6,3.5,1.1,0.7,0.3,1.8,16.7,0.0,0.0,-0.6,73.0,74.0
95,Courtney Lee,DAL,34,2019-20,24,15,9,14.4,4.5,1.7,3.4,48.8,0.9,2.0,44.7,0.3,0.3,85.7,0.3,1.0,1.3,0.5,0.5,0.8,0.3,1.4,9.4,0.0,0.0,1.6,71.0,72.0
96,Cristiano Felicio,CHI,27,2019-20,22,6,16,17.5,3.9,1.5,2.5,63.0,0.0,0.1,0.0,0.8,1.0,78.3,2.5,2.1,4.6,0.7,0.8,0.5,0.1,1.5,11.4,0.0,0.0,-2.6,72.0,74.0
97,D'Angelo Russell,MIN,24,2019-20,45,11,34,32.3,23.1,8.0,18.8,42.6,3.5,9.6,36.7,3.6,4.4,80.9,0.4,3.6,3.9,6.3,3.3,1.1,0.3,1.9,38.1,3.0,0.0,-5.6,84.0,86.0
107,DaQuan Jeffries,SAC,22,2019-20,13,4,9,10.9,3.8,1.5,3.1,50.0,0.4,1.4,27.8,0.4,0.5,83.3,0.2,1.2,1.4,0.5,0.2,0.3,0.1,1.5,7.3,0.0,0.0,0.2,70.0,72.0
108,Damian Jones,ATL,25,2019-20,55,15,40,16.1,5.6,2.2,3.2,68.0,0.0,0.2,22.2,1.1,1.5,73.8,1.3,2.4,3.7,0.6,0.5,0.5,0.7,2.7,14.1,0.0,0.0,-4.7,74.0,74.0
109,Damian Lillard,POR,29,2019-20,66,33,33,37.5,30.0,9.5,20.4,46.3,4.1,10.2,40.1,7.0,7.8,88.8,0.5,3.8,4.3,8.0,2.9,1.1,0.3,1.7,48.4,19.0,1.0,1.3,94.0,89.0
110,Damion Lee,GSW,27,2019-20,49,12,37,29.0,12.7,4.3,10.4,41.7,1.7,4.9,35.6,2.2,2.6,87.3,0.7,4.2,4.9,2.7,1.4,1.0,0.1,2.4,24.7,3.0,0.0,-2.5,74.0,77.0
111,Damyean Dotson,NYK,26,2019-20,48,14,34,17.4,6.7,2.5,6.0,41.4,1.2,3.4,36.2,0.5,0.7,66.7,0.2,1.7,1.9,1.2,0.4,0.5,0.1,0.9,12.0,0.0,0.0,-1.8,72.0,73.0
112,Daniel Gafford,CHI,21,2019-20,43,15,28,14.2,5.1,2.2,3.1,70.1,0.0,0.0,0.0,0.7,1.4,53.3,1.2,1.3,2.5,0.5,0.7,0.3,1.3,2.3,12.9,0.0,0.0,-0.7,75.0,73.0
113,Daniel Theis,BOS,28,2019-20,65,42,23,24.1,9.2,3.7,6.6,56.6,0.5,1.5,33.3,1.3,1.8,76.3,2.2,4.4,6.6,1.7,0.8,0.6,1.3,3.4,24.4,7.0,0.0,3.1,79.0,77.0
114,Danilo Gallinari,OKC,31,2019-20,62,37,25,29.6,18.7,5.8,13.2,43.8,2.9,7.1,40.5,4.3,4.8,89.3,0.5,4.6,5.2,1.9,1.2,0.7,0.1,1.2,28.9,3.0,0.0,3.7,83.0,81.0
115,Danny Green,LAL,33,2019-20,68,51,17,24.8,8.0,2.9,7.0,41.6,1.8,4.8,36.7,0.5,0.7,68.8,0.8,2.6,3.3,1.3,0.9,1.3,0.5,2.0,18.3,0.0,0.0,3.8,76.0,75.0
116,Dante Exum,CLE,24,2019-20,35,10,25,13.9,4.5,1.6,3.4,47.1,0.4,1.2,34.9,0.9,1.2,74.4,0.3,1.6,1.9,1.1,0.9,0.4,0.2,1.1,9.5,0.0,0.0,-3.1,73.0,72.0
117,Danuel House Jr.,HOU,27,2019-20,63,40,23,30.4,10.5,3.7,8.6,42.7,2.0,5.6,36.3,1.2,1.4,81.1,0.9,3.3,4.2,1.3,0.9,1.1,0.5,2.1,21.6,2.0,0.0,2.0,76.0,76.0
121,Dario Saric,PHX,26,2019-20,66,32,34,24.7,10.7,3.9,8.2,47.6,1.3,3.6,35.7,1.6,1.9,84.4,1.5,4.6,6.2,1.9,1.3,0.6,0.2,2.4,21.9,9.0,0.0,-1.0,76.0,77.0
122,Darius Bazley,OKC,20,2019-20,61,36,25,18.5,5.6,2.0,5.2,39.4,0.8,2.3,34.8,0.7,1.0,69.4,0.5,3.5,4.0,0.7,0.7,0.4,0.7,0.9,13.9,1.0,0.0,-1.3,73.0,74.0
123,Darius Garland,CLE,20,2019-20,59,17,42,30.9,12.3,4.7,11.8,40.1,1.8,5.0,35.5,1.1,1.2,87.5,0.5,1.4,1.9,3.9,2.6,0.7,0.1,1.6,20.2,1.0,0.0,-5.0,74.0,77.0
124,Daryl Macon,MIA,24,2019-20,4,4,0,3.5,0.8,0.3,0.8,33.3,0.3,0.5,50.0,0.0,0.0,0.0,0.0,0.0,0.0,0.3,0.5,0.0,0.0,0.3,0.6,0.0,0.0,0.0,68.0,66.0
125,David Nwaba,HOU,27,2019-20,20,8,12,13.4,5.2,1.9,3.6,52.1,0.6,1.4,42.9,0.9,1.4,66.7,0.4,1.9,2.3,0.4,0.4,0.6,0.6,1.6,11.6,0.0,0.0,1.8,73.0,73.0
126,Davis Bertans,WAS,27,2019-20,54,20,34,29.3,15.4,4.9,11.3,43.4,3.7,8.7,42.4,1.9,2.3,85.2,0.6,3.9,4.5,1.7,1.1,0.7,0.6,2.6,26.2,1.0,0.0,-0.3,79.0,79.0
127,De'Aaron Fox,SAC,22,2019-20,51,20,31,32.0,21.1,7.7,16.0,48.0,1.1,3.6,29.2,4.7,6.7,70.5,0.7,3.2,3.8,6.8,3.1,1.5,0.5,2.8,38.7,9.0,0.0,-2.4,85.0,86.0
128,De'Andre Hunter,ATL,22,2019-20,63,19,44,32.0,12.3,4.4,10.8,41.0,1.7,4.8,35.5,1.7,2.3,76.4,0.7,3.8,4.5,1.8,1.6,0.7,0.3,2.9,21.8,3.0,0.0,-4.1,75.0,75.0
129,De'Anthony Melton,MEM,22,2019-20,60,27,33,19.5,7.6,2.7,6.7,40.1,0.7,2.3,28.6,1.6,2.0,76.9,0.7,3.0,3.7,2.9,1.4,1.3,0.3,1.8,19.8,0.0,0.0,2.0,75.0,74.0
130,DeAndre Jordan,BKN,31,2019-20,56,27,29,22.0,8.3,3.4,5.1,66.6,0.0,0.0,0.0,1.5,2.2,68.0,2.5,7.5,10.0,1.9,1.3,0.3,0.9,2.0,25.6,13.0,0.0,-0.7,80.0,79.0
131,DeAndre' Bembry,ATL,25,2019-20,43,10,33,21.3,5.8,2.4,5.3,45.6,0.3,1.5,23.1,0.6,1.1,54.2,0.8,2.7,3.5,1.9,1.4,1.3,0.4,2.0,16.6,2.0,0.0,-6.0,73.0,73.0
132,DeMar DeRozan,SAS,30,2019-20,68,31,37,34.1,22.1,8.2,15.4,53.1,0.1,0.5,25.7,5.6,6.6,84.5,0.6,4.9,5.5,5.6,2.4,1.0,0.3,2.6,38.7,7.0,0.0,-1.7,86.0,89.0
133,DeMarre Carroll,HOU,33,2019-20,24,10,14,12.1,3.6,1.0,2.8,37.9,0.3,1.4,24.2,1.2,1.8,69.0,0.5,1.8,2.3,1.0,0.7,0.3,0.2,1.3,8.9,0.0,0.0,-0.1,73.0,73.0
134,Dean Wade,CLE,23,2019-20,12,1,11,6.0,1.7,0.8,1.1,69.2,0.2,0.3,50.0,0.0,0.1,0.0,0.3,1.3,1.6,0.2,0.3,0.2,0.3,0.7,5.1,0.0,0.0,-0.8,70.0,70.0
135,Deandre Ayton,PHX,21,2019-20,38,20,18,32.5,18.2,8.2,14.9,54.6,0.1,0.3,23.1,1.8,2.3,75.3,3.9,7.6,11.5,1.9,2.1,0.7,1.5,3.1,39.3,23.0,0.0,2.6,84.0,85.0
136,Dejounte Murray,SAS,23,2019-20,66,29,37,25.6,10.9,4.5,9.7,46.2,0.6,1.7,36.9,1.4,1.7,79.8,1.0,4.8,5.8,4.1,1.9,1.7,0.3,2.2,28.0,6.0,0.0,-2.9,80.0,77.0
137,Delon Wright,DAL,28,2019-20,73,42,31,21.5,6.9,2.6,5.6,46.2,0.6,1.7,37.0,1.1,1.4,77.0,1.0,2.9,3.8,3.3,1.0,1.2,0.3,1.3,19.9,1.0,0.0,0.5,75.0,74.0
138,Dennis Schroder,OKC,26,2019-20,65,40,25,30.8,18.9,7.0,14.8,46.9,1.9,5.0,38.5,3.0,3.6,83.9,0.3,3.3,3.6,4.0,2.6,0.7,0.2,2.2,29.5,0.0,0.0,3.6,80.0,82.0
140,Dennis Smith Jr.,NYK,22,2019-20,34,7,27,15.8,5.5,2.1,6.2,34.1,0.5,1.6,29.6,0.8,1.6,50.9,0.6,1.7,2.3,2.9,1.7,0.8,0.2,1.9,14.0,0.0,0.0,-5.7,72.0,73.0
145,Denzel Valentine,CHI,26,2019-20,36,12,24,13.6,6.8,2.7,6.6,40.9,1.3,3.8,33.6,0.2,0.2,75.0,0.3,1.8,2.1,1.2,0.7,0.7,0.2,1.4,13.0,0.0,0.0,-1.1,76.0,73.0
146,Deonte Burton,OKC,26,2019-20,39,22,17,9.1,2.7,1.1,3.2,34.4,0.3,1.4,18.9,0.2,0.4,57.1,0.2,1.3,1.5,0.4,0.5,0.2,0.3,0.9,5.9,0.0,0.0,-2.6,70.0,70.0
147,Derrick Favors,NOP,28,2019-20,51,24,27,24.4,9.0,4.1,6.6,61.7,0.0,0.1,14.3,0.8,1.4,56.3,3.2,6.6,9.8,1.6,1.1,0.6,0.9,2.1,26.6,18.0,0.0,2.3,77.0,79.0
148,Derrick Jones Jr.,MIA,23,2019-20,59,34,25,23.3,8.5,3.1,5.9,52.7,0.6,2.2,28.0,1.6,2.1,77.2,1.1,2.8,3.9,1.1,0.5,1.0,0.6,2.2,19.2,0.0,0.0,-0.5,75.0,76.0
149,Derrick Rose,DET,31,2019-20,50,17,33,26.0,18.1,7.4,15.1,49.0,0.9,2.9,30.6,2.4,2.8,87.1,0.5,1.9,2.4,5.6,2.5,0.8,0.3,1.0,30.2,4.0,0.0,-1.7,81.0,79.0
150,Derrick Walton Jr.,DET,25,2019-20,26,15,11,9.6,2.0,0.7,1.5,46.2,0.4,0.9,41.7,0.3,0.3,77.8,0.1,0.5,0.6,1.0,0.2,0.3,0.0,0.8,5.0,0.0,0.0,-0.3,69.0,72.0
155,Derrick White,SAS,25,2019-20,68,32,36,24.7,11.3,3.7,8.1,45.8,1.2,3.2,36.6,2.6,3.1,85.3,0.5,2.8,3.3,3.5,1.3,0.6,0.9,2.2,23.7,0.0,0.0,0.6,79.0,79.0
156,Devin Booker,PHX,23,2019-20,70,34,36,35.9,26.6,9.0,18.3,48.9,2.0,5.7,35.4,6.7,7.3,91.9,0.4,3.8,4.2,6.5,3.8,0.7,0.3,3.0,40.6,11.0,0.0,1.9,87.0,89.0
157,Devon Hall,OKC,24,2019-20,11,6,5,7.3,1.8,0.5,2.7,20.0,0.4,1.5,23.5,0.4,0.7,50.0,0.2,0.5,0.6,1.2,0.5,0.4,0.1,0.5,5.3,0.0,0.0,0.8,67.0,69.0
158,Devontae Cacok,LAL,23,2019-20,1,0,1,8.9,6.0,3.0,6.0,50.0,0.0,0.0,0.0,0.0,0.0,0.0,2.0,3.0,5.0,1.0,0.0,0.0,0.0,0.0,13.5,0.0,0.0,5.0,69.0,75.0
159,Devonte' Graham,CHA,25,2019-20,63,23,40,35.1,18.2,5.8,15.3,38.2,3.5,9.3,37.3,3.0,3.7,82.0,0.7,2.7,3.4,7.5,2.9,1.0,0.2,1.8,34.2,17.0,0.0,-2.9,79.0,85.0
160,Dewan Hernandez,TOR,23,2019-20,6,6,0,4.7,2.3,0.8,2.3,35.7,0.2,0.3,50.0,0.5,0.8,60.0,0.8,1.5,2.3,0.5,0.5,0.2,0.0,1.0,5.9,0.0,0.0,1.8,68.0,70.0
161,Dewayne Dedmon,ATL,30,2019-20,44,17,27,17.6,5.8,2.3,5.8,40.0,0.5,2.4,20.6,0.7,0.8,83.3,1.4,4.3,5.7,0.5,1.3,0.6,0.9,3.0,16.6,3.0,0.0,-0.6,72.0,74.0
162,Dillon Brooks,MEM,24,2019-20,73,34,39,28.9,16.2,6.0,14.6,40.7,2.0,5.6,35.8,2.2,2.8,80.8,0.9,2.4,3.3,2.1,1.7,0.9,0.4,3.8,25.3,0.0,0.0,-0.6,77.0,78.0
163,Dion Waiters,LAL,28,2019-20,10,4,6,20.7,11.1,4.1,9.9,41.4,1.5,4.7,31.9,1.4,1.7,82.4,0.2,2.2,2.4,2.0,1.6,0.4,0.6,2.1,18.4,0.0,0.0,2.9,73.0,74.0
164,Domantas Sabonis,IND,24,2019-20,62,37,25,34.8,18.5,7.4,13.7,54.0,0.3,1.1,25.4,3.5,4.8,72.3,3.0,9.4,12.4,5.0,2.7,0.8,0.5,3.1,41.9,50.0,4.0,2.6,85.0,87.0
165,Donovan Mitchell,UTA,23,2019-20,69,43,26,34.3,24.0,8.7,19.4,44.9,2.5,6.9,36.6,4.0,4.7,86.3,0.8,3.6,4.4,4.3,2.7,1.0,0.2,2.5,36.6,1.0,0.0,1.6,88.0,88.0
166,Donta Hall,BKN,22,2019-20,9,4,5,14.8,4.3,1.7,2.4,68.2,0.0,0.0,0.0,1.0,2.0,50.0,1.6,2.7,4.2,0.4,0.6,0.3,0.7,2.6,12.5,0.0,0.0,-3.9,70.0,73.0
167,Donte DiVincenzo,MIL,23,2019-20,66,53,13,23.0,9.2,3.5,7.7,45.5,1.3,3.7,33.6,1.0,1.3,73.3,1.0,3.8,4.8,2.3,1.4,1.3,0.3,1.7,21.9,1.0,0.0,6.2,77.0,79.0
168,Dorian Finney-Smith,DAL,27,2019-20,71,40,31,29.9,9.5,3.4,7.4,46.6,1.6,4.3,37.6,1.1,1.5,72.2,2.0,3.7,5.7,1.6,1.0,0.6,0.5,2.5,21.4,5.0,0.0,3.9,76.0,77.0
169,Doug McDermott,IND,28,2019-20,69,43,26,19.9,10.3,3.9,7.9,48.8,1.9,4.3,43.5,0.7,0.8,82.8,0.4,2.1,2.5,1.1,0.6,0.2,0.1,1.7,15.1,0.0,0.0,1.5,76.0,76.0
170,Dragan Bender,GSW,22,2019-20,16,10,6,17.8,6.7,2.6,5.8,44.6,0.9,2.7,34.9,0.6,0.9,71.4,1.0,3.6,4.6,1.8,1.3,0.3,0.6,2.6,15.9,0.0,0.0,-0.3,69.0,75.0
171,Draymond Green,GSW,30,2019-20,43,10,33,28.4,8.0,2.9,7.3,38.9,0.8,3.0,27.9,1.5,1.9,75.9,0.5,5.7,6.2,6.2,2.3,1.4,0.8,2.6,28.9,8.0,2.0,-4.5,79.0,75.0
172,Drew Eubanks,SAS,23,2019-20,22,13,9,12.4,4.9,2.0,3.0,64.2,0.0,0.0,100.0,0.9,1.2,76.9,1.3,2.6,3.9,0.7,1.0,0.2,0.8,1.7,12.6,0.0,0.0,-3.2,68.0,74.0
173,Duncan Robinson,MIA,26,2019-20,73,44,29,29.7,13.5,4.4,9.4,47.0,3.7,8.3,44.6,0.9,1.0,93.1,0.1,3.0,3.2,1.4,1.0,0.5,0.3,2.6,20.6,1.0,0.0,4.8,78.0,79.0
174,Dusty Hannahs,MEM,26,2019-20,2,0,2,6.7,6.0,2.0,4.5,44.4,1.0,1.5,66.7,1.0,1.0,100.0,0.0,0.5,0.5,0.0,0.0,0.0,0.0,0.5,6.6,0.0,0.0,2.5,68.0,74.0
175,Dwayne Bacon,CHA,24,2019-20,39,10,29,17.6,5.7,2.2,6.3,34.8,0.5,1.7,28.4,0.9,1.4,66.0,0.4,2.2,2.6,1.3,0.9,0.6,0.1,1.3,11.8,0.0,0.0,-3.4,70.0,73.0
176,Dwight Howard,LAL,34,2019-20,69,52,17,18.9,7.5,2.9,4.0,72.9,0.0,0.1,60.0,1.6,3.1,51.4,2.5,4.9,7.3,0.7,1.2,0.4,1.1,3.2,20.9,9.0,0.0,2.3,78.0,77.0
177,Dwight Powell,DAL,28,2019-20,40,25,15,26.5,9.4,3.7,5.7,63.8,0.3,1.0,25.6,1.9,2.8,66.7,1.9,3.8,5.7,1.5,0.9,0.9,0.6,2.6,21.7,1.0,0.0,4.9,76.0,77.0
178,Dzanan Musa,BKN,21,2019-20,40,20,20,12.2,4.8,1.6,4.3,37.2,0.5,2.0,24.4,1.1,1.5,75.0,0.5,1.6,2.2,1.1,0.9,0.4,0.0,0.8,9.3,0.0,0.0,-0.6,71.0,73.0
179,E'Twaun Moore,NOP,31,2019-20,56,27,29,18.2,8.3,3.3,7.8,42.6,1.1,3.0,37.7,0.6,0.8,68.9,0.6,1.8,2.3,1.4,0.7,0.6,0.2,1.4,14.8,0.0,0.0,-0.8,73.0,74.0
180,Ed Davis,UTA,31,2019-20,28,16,12,10.8,1.8,0.8,1.6,47.8,0.0,0.0,0.0,0.3,0.5,50.0,1.3,2.5,3.8,0.4,0.5,0.4,0.3,2.2,8.6,0.0,0.0,-3.9,72.0,73.0
181,Edmond Sumner,IND,24,2019-20,31,16,15,14.4,4.9,2.0,4.6,43.0,0.5,1.7,26.4,0.5,0.9,55.2,0.4,1.1,1.5,1.8,0.7,0.5,0.3,1.4,11.0,0.0,0.0,-0.9,71.0,73.0
182,Elfrid Payton,NYK,26,2019-20,45,17,28,27.7,10.0,4.3,9.8,43.9,0.3,1.5,20.3,1.1,1.9,57.0,1.2,3.6,4.7,7.2,2.1,1.6,0.4,2.0,30.1,6.0,1.0,-1.9,77.0,77.0
183,Elie Okobo,PHX,22,2019-20,55,23,32,13.1,4.0,1.3,3.3,39.8,0.5,1.3,35.2,0.9,1.3,70.4,0.3,1.3,1.6,2.1,0.7,0.4,0.1,1.0,9.9,0.0,0.0,-1.2,71.0,72.0
184,Emmanuel Mudiay,UTA,24,2019-20,54,34,20,15.7,7.3,2.8,6.1,46.2,0.6,1.6,34.5,1.2,1.5,75.9,0.3,2.0,2.3,2.1,1.4,0.4,0.2,1.3,13.8,0.0,0.0,-0.8,74.0,75.0
185,Enes Kanter,BOS,28,2019-20,58,36,22,17.0,8.1,3.4,6.0,57.2,0.0,0.1,14.3,1.2,1.7,70.7,2.8,4.6,7.4,1.0,1.0,0.4,0.7,1.7,20.7,9.0,0.0,3.6,76.0,77.0
186,Eric Bledsoe,MIL,30,2019-20,61,48,13,27.0,14.9,5.5,11.5,47.5,1.2,3.5,34.4,2.8,3.5,79.0,0.7,3.9,4.6,5.4,2.4,0.9,0.4,2.1,30.2,2.0,0.0,7.1,83.0,79.0
187,Eric Gordon,HOU,31,2019-20,36,21,15,28.2,14.4,4.8,12.9,36.9,2.7,8.4,31.7,2.3,3.0,76.6,0.3,1.7,2.0,1.5,1.2,0.6,0.4,1.9,20.9,0.0,0.0,0.1,78.0,79.0
188,Eric Mika,SAC,25,2019-20,1,0,1,19.0,6.0,2.0,3.0,66.7,0.0,0.0,0.0,2.0,2.0,100.0,2.0,5.0,7.0,0.0,0.0,0.0,0.0,5.0,14.4,0.0,0.0,8.0,68.0,74.0
189,Eric Paschall,GSW,23,2019-20,60,14,46,27.6,14.0,5.3,10.7,49.7,0.6,2.2,28.7,2.7,3.5,77.4,1.4,3.2,4.6,2.1,1.6,0.5,0.2,2.1,23.3,4.0,0.0,-6.3,79.0,78.0
190,Ersan Ilyasova,MIL,33,2019-20,63,48,15,15.7,6.6,2.3,5.0,46.6,0.8,2.2,36.5,1.1,1.4,82.8,1.0,3.8,4.8,0.8,0.5,0.4,0.3,1.5,14.9,5.0,0.0,1.3,76.0,75.0
191,Evan Fournier,ORL,27,2019-20,66,28,38,31.4,18.5,6.6,14.1,46.7,2.6,6.6,39.9,2.7,3.3,81.8,0.3,2.3,2.6,3.2,1.9,1.1,0.2,2.4,28.4,0.0,0.0,-1.2,80.0,79.0
192,Evan Turner,MIN,31,2019-20,19,3,16,13.2,3.3,1.3,3.5,37.3,0.0,0.3,0.0,0.6,0.7,85.7,0.4,1.6,2.0,2.0,1.4,0.5,0.4,1.1,10.0,0.0,0.0,-3.4,73.0,70.0
193,Frank Jackson,NOP,22,2019-20,59,26,33,13.5,6.3,2.3,5.6,40.5,0.8,2.4,32.6,0.9,1.3,74.7,0.4,1.0,1.4,1.0,0.8,0.3,0.1,1.3,9.8,0.0,0.0,-1.0,71.0,72.0
194,Frank Kaminsky,PHX,27,2019-20,39,19,20,19.9,9.7,3.5,7.9,45.0,1.1,3.2,33.1,1.6,2.3,67.8,0.9,3.6,4.5,1.9,0.9,0.4,0.3,1.9,18.9,1.0,0.0,-0.2,75.0,76.0
195,Frank Mason,MIL,26,2019-20,9,6,3,13.1,6.9,2.6,5.7,45.1,0.7,2.3,28.6,1.1,1.9,58.8,0.6,1.6,2.1,3.2,1.2,0.6,0.1,1.2,15.0,0.0,0.0,0.2,69.0,74.0
196,Frank Ntilikina,NYK,21,2019-20,57,19,38,20.8,6.3,2.3,5.8,39.3,0.8,2.4,32.1,0.9,1.0,86.4,0.4,1.7,2.1,3.0,1.2,0.9,0.3,2.5,15.8,1.0,0.0,-1.7,73.0,73.0
197,Fred VanVleet,TOR,26,2019-20,54,40,14,35.7,17.6,5.9,14.3,41.3,2.7,6.9,39.0,3.1,3.7,84.8,0.3,3.4,3.8,6.6,2.2,1.9,0.3,2.4,36.3,8.0,0.0,3.8,85.0,85.0
198,Furkan Korkmaz,PHI,22,2019-20,72,42,30,21.7,9.8,3.4,7.8,43.0,2.0,4.9,40.2,1.1,1.4,75.5,0.3,2.1,2.3,1.1,0.8,0.6,0.2,1.4,15.8,0.0,0.0,1.3,75.0,75.0
199,Gabe Vincent,MIA,24,2019-20,9,5,4,9.2,2.4,0.9,4.1,21.6,0.7,3.0,22.2,0.0,0.0,0.0,0.0,0.6,0.6,0.7,0.1,0.6,0.0,0.7,5.7,0.0,0.0,-3.4,67.0,71.0
200,Garrett Temple,BKN,34,2019-20,62,30,32,27.9,10.3,3.6,9.5,37.8,2.0,6.2,32.9,1.1,1.4,80.5,0.5,3.0,3.5,2.5,1.0,0.8,0.5,1.7,21.1,2.0,0.0,-0.7,74.0,76.0
201,Garrison Mathews,WAS,23,2019-20,18,8,10,12.6,5.4,1.3,3.1,42.9,1.1,2.6,41.3,1.7,1.9,91.2,0.3,1.0,1.3,0.6,0.4,0.4,0.1,1.8,8.9,0.0,0.0,1.9,71.0,72.0
202,Gary Clark,ORL,25,2019-20,42,23,19,13.5,3.7,1.3,3.2,40.6,0.9,2.6,35.1,0.2,0.2,90.0,0.9,1.7,2.6,0.4,0.2,0.1,0.5,1.1,9.2,0.0,0.0,-1.3,72.0,72.0
203,Gary Harris,DEN,25,2019-20,56,37,19,31.8,10.4,3.9,9.3,42.0,1.3,3.8,33.3,1.3,1.6,81.5,0.5,2.4,2.9,2.1,1.1,1.4,0.3,2.1,20.8,0.0,0.0,2.2,76.0,78.0
204,Gary Payton II,WAS,27,2019-20,29,13,16,14.9,3.9,1.7,4.0,41.4,0.4,1.6,28.3,0.1,0.3,50.0,0.9,1.9,2.8,1.7,0.7,1.1,0.2,1.9,13.1,1.0,0.0,-4.8,72.0,72.0
205,Gary Trent Jr.,POR,21,2019-20,61,29,32,21.8,8.9,3.2,7.2,44.4,1.8,4.4,41.8,0.6,0.7,82.2,0.4,1.2,1.6,1.0,0.3,0.8,0.3,1.5,15.1,0.0,0.0,-0.9,77.0,74.0
206,George Hill,MIL,34,2019-20,59,47,12,21.5,9.4,3.3,6.4,51.6,1.4,3.0,46.0,1.4,1.7,84.2,0.8,2.2,3.0,3.1,1.0,0.8,0.1,1.4,19.2,0.0,0.0,5.1,77.0,77.0
207,Georges Niang,UTA,27,2019-20,66,41,25,14.0,5.9,2.1,4.9,43.8,1.4,3.4,40.0,0.3,0.4,83.3,0.2,1.7,1.9,0.7,0.5,0.3,0.1,1.1,9.8,0.0,0.0,-0.6,73.0,73.0
208,Giannis Antetokounmpo,MIL,25,2019-20,63,51,12,30.4,29.5,10.9,19.7,55.3,1.4,4.7,30.4,6.3,10.0,63.3,2.2,11.4,13.6,5.6,3.7,1.0,1.0,3.1,56.6,56.0,4.0,10.8,97.0,96.0
209,Glenn Robinson III,PHI,26,2019-20,62,17,45,28.8,11.7,4.6,9.5,48.6,1.2,3.2,39.1,1.2,1.4,86.0,1.3,3.0,4.4,1.5,0.9,0.9,0.3,1.6,21.8,1.0,0.0,-4.8,75.0,77.0
210,Goga Bitadze,IND,20,2019-20,54,32,22,8.7,3.2,1.3,2.8,46.7,0.1,0.8,19.0,0.4,0.6,72.7,0.5,1.5,2.0,0.4,0.5,0.2,0.7,1.2,8.3,1.0,0.0,-0.3,73.0,72.0
211,Goran Dragic,MIA,34,2019-20,59,37,22,28.2,16.2,5.4,12.3,44.1,2.1,5.7,36.7,3.2,4.2,77.6,0.5,2.7,3.2,5.1,2.4,0.7,0.2,2.1,27.7,3.0,0.0,2.8,79.0,79.0
212,Gordon Hayward,BOS,30,2019-20,52,34,18,33.5,17.5,6.7,13.5,50.0,1.6,4.3,38.3,2.4,2.8,85.5,1.1,5.6,6.7,4.1,1.8,0.7,0.4,1.8,33.2,8.0,0.0,6.4,83.0,85.0
213,Gorgui Dieng,MEM,30,2019-20,63,20,43,17.4,7.4,2.6,5.8,45.6,0.9,2.4,35.5,1.2,1.6,77.2,1.4,4.2,5.6,1.2,1.0,0.8,0.9,2.0,20.1,9.0,0.0,-1.6,74.0,75.0
214,Grant Williams,BOS,21,2019-20,69,47,22,15.1,3.4,1.3,3.1,41.2,0.3,1.4,25.0,0.6,0.8,72.2,0.9,1.7,2.6,1.0,0.7,0.4,0.5,2.4,10.2,0.0,0.0,1.9,71.0,73.0
215,Grayson Allen,MEM,24,2019-20,38,16,22,18.9,8.7,3.1,6.6,46.6,1.5,3.7,40.4,1.0,1.2,86.7,0.2,2.0,2.2,1.4,0.9,0.3,0.1,1.4,13.5,0.0,0.0,-2.5,72.0,74.0
216,Hamidou Diallo,OKC,21,2019-20,46,25,21,19.5,6.9,2.9,6.4,44.6,0.3,1.2,28.1,0.8,1.4,60.3,1.0,2.7,3.6,0.8,1.1,0.8,0.2,2.2,14.3,3.0,0.0,0.3,70.0,75.0
217,Harrison Barnes,SAC,28,2019-20,72,31,41,34.5,14.5,5.1,11.0,46.0,1.4,3.7,38.1,3.0,3.7,80.1,1.1,3.9,4.9,2.2,1.2,0.6,0.2,1.3,24.8,4.0,0.0,-1.7,78.0,78.0
218,Harry Giles III,SAC,22,2019-20,46,22,24,14.5,6.9,3.0,5.5,55.4,0.0,0.0,0.0,0.8,1.1,77.6,0.9,3.2,4.1,1.3,1.0,0.5,0.4,2.6,15.4,2.0,0.0,-2.8,75.0,75.0
220,Hassan Whiteside,POR,31,2019-20,67,34,33,30.0,15.5,6.5,10.5,62.1,0.1,0.1,57.1,2.4,3.6,68.6,3.9,9.7,13.5,1.2,1.8,0.4,2.9,2.9,41.6,51.0,0.0,1.7,83.0,87.0
221,Henry Ellenson,BKN,23,2019-20,5,2,3,3.0,0.4,0.2,1.4,14.3,0.0,0.8,0.0,0.0,0.0,0.0,0.4,0.8,1.2,0.2,0.0,0.0,0.0,0.2,2.1,0.0,0.0,2.4,69.0,70.0
222,Ian Mahinmi,WAS,33,2019-20,38,15,23,21.3,7.4,2.7,5.5,49.5,0.1,0.7,19.2,1.8,3.0,61.9,2.1,3.7,5.7,1.3,1.2,0.8,1.2,3.0,21.0,1.0,0.0,-2.1,74.0,76.0
223,Ignas Brazdeikis,NYK,21,2019-20,9,1,8,5.9,1.9,0.7,2.4,27.3,0.1,1.0,11.1,0.4,0.6,80.0,0.2,0.3,0.6,0.4,0.2,0.0,0.1,0.3,3.3,0.0,0.0,-1.3,70.0,69.0
224,Iman Shumpert,BKN,30,2019-20,13,9,4,18.5,4.2,1.6,4.9,32.8,0.6,2.5,24.2,0.3,0.5,57.1,0.7,1.9,2.6,0.9,0.8,0.9,0.2,1.6,11.1,0.0,0.0,-4.0,72.0,72.0
225,Isaac Bonga,WAS,20,2019-20,66,22,44,18.9,5.0,1.8,3.5,50.4,0.4,1.1,35.2,1.0,1.3,81.2,1.1,2.3,3.4,1.2,0.9,0.7,0.3,2.4,12.9,0.0,0.0,-0.5,72.0,73.0
226,Isaiah Hartenstein,HOU,22,2019-20,23,16,7,11.6,4.7,1.9,2.9,65.7,0.0,0.2,0.0,0.8,1.2,67.9,1.3,2.7,3.9,0.8,0.7,0.4,0.5,1.8,12.6,2.0,0.0,1.7,73.0,74.0
227,Isaiah Roby,OKC,22,2019-20,3,2,1,3.8,0.0,0.0,0.3,0.0,0.0,0.0,0.0,0.0,0.0,0.0,0.0,0.7,0.7,0.0,0.3,0.0,0.0,0.3,0.5,0.0,0.0,-1.3,70.0,70.0
228,Isaiah Thomas,WAS,31,2019-20,40,14,26,23.1,12.2,4.4,10.7,40.8,2.0,4.7,41.3,1.6,1.9,81.6,0.3,1.4,1.7,3.7,1.9,0.3,0.2,1.9,19.2,1.0,0.0,-5.0,77.0,77.0
234,Ivica Zubac,LAC,23,2019-20,72,49,23,18.4,8.3,3.3,5.3,61.3,0.0,0.0,0.0,1.7,2.3,74.7,2.7,4.8,7.5,1.1,0.8,0.2,0.9,2.3,21.6,10.0,0.0,3.2,78.0,77.0
241,JJ Redick,NOP,36,2019-20,60,26,34,26.3,15.3,4.8,10.5,45.3,3.0,6.6,45.3,2.8,3.1,89.2,0.2,2.4,2.5,2.0,1.3,0.3,0.2,1.6,21.5,0.0,0.0,-0.4,78.0,79.0
242,J.R. Smith,LAL,34,2019-20,6,2,4,13.2,2.8,1.2,3.7,31.8,0.2,1.8,9.1,0.3,0.3,100.0,0.0,0.8,0.8,0.5,0.7,0.2,0.0,0.8,4.4,0.0,0.0,-5.8,74.0,69.0
243,Ja Morant,MEM,20,2019-20,67,33,34,31.0,17.8,6.7,14.0,47.7,0.9,2.7,33.5,3.6,4.6,77.6,0.8,3.1,3.9,7.3,3.3,0.9,0.3,1.6,33.5,15.0,2.0,-0.3,85.0,81.0
244,JaKarr Sampson,IND,27,2019-20,34,21,13,13.8,4.6,2.0,3.4,59.1,0.1,0.4,15.4,0.5,0.8,66.7,0.6,2.0,2.6,0.6,0.4,0.5,0.4,1.9,10.7,0.0,0.0,0.6,73.0,73.0
245,JaMychal Green,LAC,30,2019-20,63,43,20,20.7,6.8,2.4,5.6,42.9,1.5,3.8,38.7,0.6,0.8,75.0,1.2,4.9,6.2,0.8,0.9,0.5,0.4,2.8,17.0,7.0,0.0,2.4,72.0,76.0
246,JaVale McGee,LAL,32,2019-20,68,51,17,16.6,6.6,2.9,4.5,63.7,0.0,0.1,50.0,0.8,1.2,64.6,1.8,3.9,5.7,0.5,0.8,0.5,1.4,2.3,19.2,2.0,0.0,1.9,78.0,77.0
247,Jabari Parker,SAC,25,2019-20,38,9,29,24.2,14.0,5.8,11.3,51.0,0.8,3.1,26.9,1.6,2.1,75.3,1.6,4.0,5.6,1.8,1.7,1.2,0.4,2.6,26.5,2.0,0.0,-2.5,77.0,78.0
248,Jacob Evans,MIN,23,2019-20,29,8,21,14.4,4.4,1.6,4.6,33.6,0.4,1.3,33.3,0.9,1.0,86.2,0.3,1.1,1.4,1.1,0.9,0.4,0.4,1.4,9.2,0.0,0.0,-3.5,71.0,71.0
249,Jae Crowder,MIA,29,2019-20,65,29,36,28.8,10.5,3.5,8.7,40.1,2.1,6.1,34.3,1.5,1.9,77.6,0.8,5.1,5.9,2.5,1.1,1.1,0.4,2.2,24.7,6.0,0.0,-2.0,77.0,76.0
250,Jahlil Okafor,NOP,24,2019-20,30,9,21,15.6,8.1,3.4,5.4,62.3,0.0,0.1,33.3,1.3,2.1,64.5,1.6,2.6,4.2,1.2,1.3,0.2,0.7,2.2,16.7,2.0,0.0,-3.4,76.0,76.0
251,Jake Layman,MIN,26,2019-20,23,11,12,22.0,9.1,3.5,7.8,45.3,1.0,3.1,33.3,1.0,1.4,75.0,0.7,1.7,2.5,0.7,1.0,0.7,0.4,2.0,15.6,0.0,0.0,1.0,73.0,75.0
252,Jakob Poeltl,SAS,24,2019-20,66,30,36,17.7,5.6,2.5,4.0,62.4,0.0,0.0,0.0,0.6,1.3,46.5,2.0,3.7,5.7,1.8,0.8,0.6,1.4,1.9,20.3,4.0,0.0,1.8,76.0,77.0
253,Jalen Brunson,DAL,23,2019-20,57,34,23,17.9,8.2,3.2,6.8,46.6,0.8,2.1,35.8,1.1,1.3,81.3,0.4,2.0,2.4,3.3,1.2,0.4,0.1,1.3,16.2,2.0,0.0,3.0,77.0,75.0
254,Jalen Lecque,PHX,20,2019-20,5,2,3,6.3,2.0,0.8,2.0,40.0,0.0,0.8,0.0,0.4,0.4,100.0,0.0,0.4,0.4,0.4,0.4,0.0,0.0,0.6,2.7,0.0,0.0,-4.0,68.0,70.0
255,Jalen McDaniels,CHA,22,2019-20,16,7,9,18.3,5.6,2.1,4.4,47.1,0.6,1.5,37.5,0.9,1.1,82.4,0.9,3.1,4.1,0.8,0.7,0.5,0.2,2.3,13.0,0.0,0.0,-1.4,70.0,73.0
256,Jamal Crawford,BKN,40,2019-20,1,1,0,6.0,5.0,2.0,4.0,50.0,1.0,2.0,50.0,0.0,0.0,0.0,0.0,0.0,0.0,3.0,0.0,0.0,0.0,1.0,9.5,0.0,0.0,4.0,75.0,69.0
257,Jamal Murray,DEN,23,2019-20,59,38,21,32.3,18.5,6.9,15.2,45.6,1.9,5.5,34.6,2.8,3.1,88.1,0.8,3.2,4.0,4.8,2.2,1.1,0.3,1.7,32.6,3.0,0.0,4.1,85.0,84.0
258,James Ennis III,ORL,29,2019-20,69,42,27,18.3,6.6,2.3,5.2,44.6,0.8,2.4,32.5,1.1,1.4,80.6,1.0,2.5,3.6,0.9,0.8,0.5,0.3,2.0,13.8,1.0,0.0,0.0,75.0,74.0
263,James Harden,HOU,30,2019-20,68,43,25,36.5,34.3,9.9,22.3,44.4,4.4,12.4,35.5,10.2,11.8,86.5,1.0,5.5,6.6,7.5,4.5,1.8,0.9,3.3,57.1,22.0,4.0,4.2,96.0,96.0
264,James Johnson,MIN,33,2019-20,32,14,18,19.4,8.4,3.2,6.7,47.9,1.0,2.8,36.3,1.0,1.5,64.6,0.8,2.9,3.7,2.3,1.5,0.8,1.0,2.5,20.2,0.0,0.0,-2.3,76.0,74.0
265,Jared Dudley,LAL,34,2019-20,45,30,15,8.1,1.5,0.5,1.3,40.0,0.4,0.9,42.9,0.0,0.0,100.0,0.1,1.0,1.2,0.6,0.2,0.3,0.1,0.9,4.9,0.0,0.0,0.4,72.0,72.0
266,Jared Harper,NYK,22,2019-20,3,1,2,2.6,0.7,0.3,1.3,25.0,0.0,0.7,0.0,0.0,0.0,0.0,0.0,0.0,0.0,0.0,0.0,0.0,0.0,0.0,0.7,0.0,0.0,-3.7,67.0,70.0
267,Jaren Jackson Jr.,MEM,20,2019-20,57,28,29,28.5,17.4,6.2,13.2,46.9,2.5,6.5,39.4,2.4,3.3,74.7,1.0,3.6,4.6,1.4,1.7,0.7,1.6,4.1,30.1,3.0,0.0,-1.8,83.0,79.0
272,Jarred Vanderbilt,MIN,21,2019-20,11,6,5,4.2,1.1,0.5,0.7,62.5,0.0,0.1,0.0,0.2,0.2,100.0,0.3,0.5,0.8,0.2,0.6,0.3,0.1,0.5,2.8,0.0,0.0,-2.5,70.0,70.0
273,Jarrell Brantley,UTA,24,2019-20,9,3,6,10.7,2.7,1.1,3.1,35.7,0.3,1.4,23.1,0.1,0.2,50.0,0.2,2.0,2.2,1.2,0.8,0.3,0.6,0.8,9.1,0.0,0.0,-4.1,67.0,69.0
274,Jarrett Allen,BKN,22,2019-20,70,33,37,26.5,11.1,4.3,6.6,64.9,0.0,0.1,0.0,2.4,3.9,63.3,3.1,6.5,9.6,1.6,1.1,0.6,1.3,2.3,29.5,30.0,0.0,0.6,81.0,79.0
275,Jarrett Culver,MIN,21,2019-20,63,19,44,23.9,9.2,3.7,9.0,40.4,1.0,3.5,29.9,0.9,1.9,46.2,1.1,2.3,3.4,1.7,1.3,0.9,0.6,2.0,19.1,0.0,0.0,-1.6,74.0,76.0
276,Jarrod Uthoff,WAS,27,2019-20,7,4,3,7.6,2.7,1.0,2.6,38.9,0.4,1.3,33.3,0.3,0.3,100.0,0.3,0.6,0.9,0.0,0.0,0.1,0.0,0.3,4.2,0.0,0.0,1.4,67.0,69.0
277,Javonte Green,BOS,26,2019-20,48,33,15,9.7,3.4,1.3,2.6,50.0,0.2,0.7,27.3,0.6,0.9,66.7,0.5,1.4,1.9,0.5,0.5,0.5,0.2,0.9,8.1,0.0,0.0,-0.6,72.0,72.0
278,Jaxson Hayes,NOP,20,2019-20,64,28,36,16.9,7.4,2.7,4.0,67.2,0.0,0.1,25.0,1.9,3.0,64.7,1.5,2.5,4.0,0.9,0.8,0.4,0.9,2.5,16.5,3.0,0.0,-0.9,76.0,75.0
279,Jaylen Brown,BOS,23,2019-20,57,38,19,33.9,20.3,7.5,15.6,48.1,2.3,5.9,38.2,3.1,4.3,72.4,1.1,5.3,6.4,2.1,2.2,1.1,0.4,2.9,33.4,8.0,0.0,4.0,84.0,81.0
280,Jaylen Hoard,POR,21,2019-20,13,7,6,7.9,2.9,1.2,2.5,46.9,0.0,0.2,0.0,0.6,1.0,61.5,1.1,1.4,2.5,0.3,0.3,0.4,0.0,0.9,7.2,0.0,0.0,0.8,69.0,70.0
281,Jaylen Nowell,MIN,20,2019-20,15,2,13,10.1,3.8,1.3,3.5,35.8,0.2,1.7,11.5,1.1,1.1,94.1,0.2,0.7,0.9,1.3,0.2,0.2,0.1,0.7,7.3,0.0,0.0,0.7,71.0,69.0
282,Jayson Tatum,BOS,22,2019-20,66,46,20,34.3,23.4,8.4,18.6,45.0,2.9,7.1,40.3,3.8,4.7,81.2,1.0,6.0,7.0,3.0,2.3,1.4,0.9,2.1,40.8,10.0,0.0,7.6,87.0,88.0
283,Jeff Green,HOU,33,2019-20,48,28,20,20.0,9.4,3.3,7.2,46.2,1.3,3.8,33.9,1.5,1.9,80.2,0.5,2.3,2.8,1.0,0.9,0.5,0.4,1.9,16.3,0.0,0.0,-1.8,76.0,76.0
284,Jeff Teague,ATL,32,2019-20,59,22,37,24.8,10.9,3.6,8.3,43.6,0.7,2.0,36.8,2.9,3.3,87.3,0.5,1.9,2.4,5.2,2.0,0.7,0.3,1.8,22.8,3.0,0.0,-2.9,78.0,74.0
285,Jerami Grant,DEN,26,2019-20,71,45,26,26.6,12.0,4.3,8.9,47.8,1.4,3.5,38.9,2.1,2.8,75.0,0.8,2.7,3.5,1.2,0.9,0.7,0.8,2.2,21.7,0.0,0.0,-1.2,77.0,79.0
286,Jeremiah Martin,BKN,24,2019-20,9,6,3,11.0,7.1,2.7,5.9,45.3,0.6,2.0,27.8,1.2,1.6,78.6,0.1,1.0,1.1,2.0,0.4,0.8,0.2,0.8,14.0,0.0,0.0,-1.9,67.0,74.0
287,Jeremy Lamb,IND,28,2019-20,46,27,19,28.1,12.5,4.7,10.4,45.1,1.2,3.4,33.5,2.0,2.4,83.6,0.5,3.8,4.3,2.1,1.1,1.2,0.5,2.3,24.8,2.0,0.0,0.0,77.0,78.0
288,Jeremy Pargo,GSW,34,2019-20,3,0,3,14.8,8.3,3.7,7.3,50.0,1.0,2.3,42.9,0.0,0.3,0.0,0.3,0.7,1.0,2.7,1.3,0.3,0.0,2.7,13.2,0.0,0.0,0.0,69.0,74.0
289,Jerian Grant,WAS,27,2019-20,6,1,5,13.4,4.5,1.7,4.5,37.0,0.3,1.3,25.0,0.8,1.2,71.4,0.3,0.7,1.0,1.5,0.5,0.2,0.2,1.8,8.5,0.0,0.0,-0.5,72.0,69.0
290,Jerome Robinson,WAS,23,2019-20,63,36,27,15.5,5.1,1.8,4.9,37.1,0.8,2.4,32.0,0.6,0.9,70.2,0.2,1.8,2.0,1.4,0.8,0.4,0.3,1.8,11.0,0.0,0.0,-0.5,73.0,73.0
291,Jevon Carter,PHX,24,2019-20,58,29,29,16.3,4.9,1.7,4.2,41.6,1.1,2.5,42.5,0.4,0.5,85.2,0.5,1.5,2.0,1.4,0.6,0.8,0.3,1.5,12.3,0.0,0.0,-0.2,73.0,74.0
292,Jimmy Butler,MIA,30,2019-20,58,38,20,33.8,19.9,5.9,13.1,45.5,0.5,2.1,24.4,7.6,9.1,83.4,1.8,4.8,6.7,6.0,2.2,1.8,0.6,1.4,41.8,11.0,3.0,4.4,89.0,87.0
293,Joakim Noah,LAC,35,2019-20,5,4,1,10.0,2.8,0.8,1.6,50.0,0.0,0.0,0.0,1.2,1.6,75.0,1.0,2.2,3.2,1.4,1.2,0.2,0.2,1.8,8.7,0.0,0.0,-3.8,72.0,73.0
294,Joe Chealey,CHA,24,2019-20,4,1,3,8.4,0.5,0.0,1.8,0.0,0.0,1.0,0.0,0.5,0.5,100.0,0.0,0.0,0.0,0.3,0.5,1.0,0.0,0.5,3.4,0.0,0.0,-4.5,68.0,67.0
295,Joe Harris,BKN,28,2019-20,69,33,36,30.8,14.5,5.5,11.4,48.6,2.5,5.9,42.4,0.9,1.3,71.9,0.9,3.4,4.3,2.1,1.5,0.6,0.2,2.3,23.8,0.0,0.0,1.2,77.0,79.0
296,Joe Ingles,UTA,32,2019-20,72,44,28,29.7,9.8,3.4,7.7,44.5,2.0,4.9,39.9,1.0,1.3,78.7,0.4,3.5,3.9,5.2,2.0,0.9,0.2,2.1,23.4,3.0,0.0,3.3,78.0,79.0
297,Joel Embiid,PHI,26,2019-20,51,32,19,29.5,23.0,7.5,15.7,47.7,1.1,3.4,33.1,6.9,8.5,80.7,2.8,8.9,11.6,3.0,3.1,0.9,1.3,3.4,44.8,37.0,0.0,3.2,91.0,90.0
298,John Collins,ATL,22,2019-20,41,15,26,33.2,21.6,8.6,14.8,58.3,1.4,3.6,40.1,2.9,3.7,80.0,2.8,7.3,10.1,1.5,1.8,0.8,1.6,3.4,41.2,22.0,0.0,-4.0,85.0,88.0
299,John Henson,DET,29,2019-20,40,8,32,15.0,5.5,2.4,4.3,55.6,0.2,0.9,22.2,0.6,1.2,50.0,1.2,2.9,4.1,1.4,0.9,0.6,1.1,2.0,16.5,1.0,0.0,-0.5,75.0,75.0
300,John Konchar,MEM,24,2019-20,19,9,10,9.5,2.8,1.3,1.9,64.9,0.3,0.5,50.0,0.1,0.1,50.0,0.9,1.5,2.5,1.2,0.4,0.4,0.2,0.4,8.8,0.0,0.0,1.9,72.0,72.0
301,Johnathan Motley,LAC,25,2019-20,13,8,5,3.2,2.2,0.8,1.2,73.3,0.1,0.1,100.0,0.4,0.5,71.4,0.2,0.5,0.8,0.6,0.4,0.2,0.0,0.5,4.3,0.0,0.0,0.2,71.0,70.0
302,Johnathan Williams,WAS,25,2019-20,15,7,8,12.0,3.0,1.3,2.3,55.9,0.0,0.1,0.0,0.5,0.9,53.8,1.6,2.7,4.3,0.5,0.3,0.1,0.5,1.1,10.4,0.0,0.0,-2.6,70.0,73.0
303,Jonah Bolden,PHX,24,2019-20,7,6,1,6.7,1.4,0.6,1.6,36.4,0.0,0.6,0.0,0.3,0.6,50.0,0.4,0.9,1.3,0.0,0.3,0.4,0.3,1.4,4.8,0.0,0.0,0.1,73.0,70.0
304,Jonas Valanciunas,MEM,28,2019-20,70,32,38,26.4,14.9,6.2,10.6,58.5,0.5,1.3,35.2,2.1,2.9,74.0,3.0,8.2,11.3,1.9,1.8,0.4,1.1,2.6,34.0,39.0,1.0,0.1,81.0,81.0
305,Jonathan Isaac,ORL,22,2019-20,34,15,19,28.8,11.9,4.6,9.8,47.0,0.9,2.8,34.0,1.8,2.3,77.9,1.7,5.1,6.8,1.4,1.4,1.6,2.3,2.4,32.3,5.0,0.0,0.5,82.0,77.0
306,Jordan Bell,CLE,25,2019-20,29,8,21,8.8,3.2,1.2,2.3,52.2,0.1,0.4,33.3,0.7,1.1,61.3,1.0,1.8,2.8,0.6,0.7,0.1,0.3,0.7,8.0,0.0,0.0,-0.3,74.0,72.0
307,Jordan Bone,DET,22,2019-20,10,3,7,5.3,1.2,0.5,2.0,25.0,0.2,1.0,20.0,0.0,0.0,0.0,0.0,0.4,0.4,0.8,0.2,0.1,0.0,0.6,3.0,0.0,0.0,0.0,68.0,71.0
308,Jordan Clarkson,UTA,28,2019-20,71,34,37,24.0,15.2,5.5,12.2,45.4,2.1,5.8,36.8,1.9,2.3,83.6,0.7,1.9,2.6,1.9,1.4,0.6,0.2,1.5,22.5,0.0,0.0,-0.1,78.0,79.0
309,Jordan McLaughlin,MIN,24,2019-20,30,7,23,19.7,7.6,2.9,5.9,48.9,1.0,2.5,38.2,0.9,1.3,66.7,0.2,1.4,1.6,4.2,1.0,1.1,0.1,1.0,18.6,2.0,0.0,-2.3,74.0,74.0
310,Jordan McRae,DET,29,2019-20,37,12,25,21.2,11.5,4.0,9.9,40.7,1.2,3.4,35.7,2.2,2.9,76.1,0.5,2.9,3.4,2.5,1.2,0.6,0.4,2.0,21.1,0.0,0.0,-2.0,74.0,76.0
311,Jordan Poole,GSW,21,2019-20,57,12,45,22.3,8.8,2.9,8.8,33.3,1.3,4.6,27.9,1.7,2.1,79.8,0.2,1.9,2.1,2.4,1.3,0.6,0.2,1.6,15.9,0.0,0.0,-3.5,72.0,73.0
312,Josh Gray,NOP,26,2019-20,2,1,1,11.4,1.0,0.5,1.0,50.0,0.0,0.0,0.0,0.0,0.0,0.0,0.5,0.5,1.0,1.0,2.5,0.0,0.0,0.5,1.2,0.0,0.0,-3.5,67.0,70.0
313,Josh Hart,NOP,25,2019-20,65,26,39,27.0,10.1,3.5,8.2,42.3,1.9,5.4,34.2,1.3,1.8,73.9,0.9,5.6,6.5,1.7,1.2,1.0,0.4,2.5,23.2,10.0,0.0,-1.8,75.0,76.0
314,Josh Jackson,MEM,23,2019-20,22,10,12,17.3,9.0,3.2,7.2,44.0,1.0,3.3,31.9,1.6,2.3,70.0,0.5,2.5,3.0,1.6,1.3,0.8,0.4,1.8,17.4,0.0,0.0,1.1,73.0,76.0
315,Josh Magette,ORL,30,2019-20,8,3,5,4.7,1.5,0.6,1.9,33.3,0.1,0.5,25.0,0.1,0.3,50.0,0.1,0.6,0.8,0.6,0.6,0.4,0.1,0.5,4.2,0.0,0.0,0.1,68.0,70.0
316,Josh Okogie,MIN,21,2019-20,62,19,43,25.0,8.6,2.7,6.4,42.7,0.7,2.5,26.6,2.5,3.1,79.6,1.4,2.9,4.3,1.6,1.4,1.1,0.4,2.2,19.3,0.0,0.0,-2.6,74.0,76.0
317,Josh Reaves,DAL,23,2019-20,4,2,2,7.1,2.0,0.8,2.3,33.3,0.0,0.5,0.0,0.5,0.5,100.0,0.3,0.5,0.8,0.8,0.0,0.0,0.0,1.3,4.0,0.0,0.0,1.3,67.0,69.0
318,Josh Richardson,PHI,26,2019-20,55,33,22,30.8,13.7,5.1,11.7,43.0,1.5,4.5,34.1,2.1,2.6,80.9,0.7,2.4,3.2,2.9,1.9,0.9,0.7,2.5,24.9,0.0,0.0,2.2,80.0,79.0
319,Jrue Holiday,NOP,30,2019-20,61,26,35,34.7,19.1,7.5,16.5,45.5,2.0,5.7,35.3,2.1,3.0,70.9,1.3,3.5,4.8,6.7,3.0,1.6,0.8,2.4,39.1,10.0,1.0,0.6,83.0,86.0
327,Julius Randle,NYK,25,2019-20,64,21,43,32.5,19.5,7.2,15.7,46.0,1.0,3.6,27.7,4.0,5.5,73.3,2.4,7.4,9.7,3.1,3.0,0.8,0.3,2.8,36.2,30.0,0.0,-3.8,80.0,87.0
328,Justin Anderson,BKN,26,2019-20,10,6,4,10.7,2.8,1.0,3.8,26.3,0.6,2.9,20.7,0.2,0.4,50.0,0.1,2.0,2.1,0.8,0.4,0.0,0.6,1.3,7.9,0.0,0.0,0.3,71.0,71.0
329,Justin Holiday,IND,31,2019-20,73,45,28,25.0,8.3,2.8,6.7,42.8,1.8,4.5,40.5,0.7,0.9,79.1,0.4,2.8,3.3,1.3,0.6,1.2,0.6,1.9,18.9,0.0,0.0,0.5,75.0,76.0
330,Justin Jackson,DAL,25,2019-20,65,39,26,16.1,5.5,2.1,5.2,39.6,0.7,2.5,29.4,0.6,0.8,84.0,0.4,2.0,2.4,0.8,0.2,0.2,0.2,1.1,10.5,0.0,0.0,0.1,72.0,74.0
331,Justin James,SAC,23,2019-20,36,14,22,6.5,2.5,1.0,2.3,41.7,0.3,0.8,31.0,0.3,0.6,47.6,0.2,0.7,0.9,0.5,0.2,0.2,0.3,0.5,5.3,0.0,0.0,-0.7,71.0,70.0
332,Justin Patton,DET,23,2019-20,5,2,3,4.8,1.8,0.8,2.0,40.0,0.2,0.8,25.0,0.0,0.0,0.0,0.2,0.8,1.0,0.4,0.4,0.0,0.0,0.8,3.2,0.0,0.0,-3.2,69.0,70.0
333,Justin Robinson,WAS,22,2019-20,9,2,7,5.4,1.4,0.6,1.3,41.7,0.3,0.6,60.0,0.0,0.0,0.0,0.1,0.4,0.6,0.8,0.3,0.0,0.1,0.2,3.3,0.0,0.0,3.4,67.0,70.0
334,Justin Wright-Foreman,UTA,22,2019-20,4,1,3,11.3,4.8,1.8,5.0,35.0,0.5,2.5,20.0,0.8,1.0,75.0,0.0,1.3,1.3,1.8,0.8,0.5,0.0,1.3,9.6,0.0,0.0,-7.5,67.0,71.0
335,Justise Winslow,MEM,24,2019-20,11,7,4,32.0,11.3,4.5,11.7,38.8,0.5,2.5,22.2,1.6,2.5,66.7,1.5,5.2,6.6,4.0,2.2,0.6,0.5,3.5,26.3,1.0,0.0,4.7,77.0,79.0
336,Jusuf Nurkic,POR,25,2019-20,8,6,2,31.6,17.6,6.8,13.6,49.5,0.3,1.3,20.0,3.9,4.4,88.6,2.9,7.4,10.3,4.0,2.4,1.4,2.0,4.9,43.7,3.0,0.0,-0.5,84.0,86.0
337,Juwan Morgan,UTA,23,2019-20,21,12,9,6.4,1.7,0.7,1.2,57.7,0.1,0.4,37.5,0.1,0.2,75.0,0.5,0.9,1.4,0.3,0.3,0.0,0.1,0.9,3.9,0.0,0.0,1.4,70.0,70.0
338,KZ Okpala,MIA,21,2019-20,5,2,3,5.2,1.4,0.6,1.0,60.0,0.0,0.2,0.0,0.2,0.4,50.0,0.2,0.8,1.0,0.2,0.2,0.4,0.2,0.4,4.5,0.0,0.0,-3.0,71.0,70.0
339,Kadeem Allen,NYK,27,2019-20,10,3,7,11.7,5.0,1.9,4.4,43.2,0.5,1.6,31.3,0.7,1.1,63.6,0.2,0.7,0.9,2.1,0.8,0.5,0.2,0.7,10.5,0.0,0.0,-2.1,72.0,71.0
340,Karl-Anthony Towns,MIN,24,2019-20,35,10,25,33.9,26.5,9.0,17.8,50.8,3.3,7.9,41.2,5.1,6.5,79.6,2.7,8.1,10.8,4.4,3.1,0.9,1.2,3.3,49.3,24.0,0.0,-0.4,90.0,90.0
341,Kawhi Leonard,LAC,29,2019-20,57,41,16,32.4,27.1,9.3,19.9,47.0,2.2,5.7,37.8,6.2,7.1,88.6,0.9,6.1,7.1,4.9,2.6,1.8,0.6,2.0,47.4,13.0,1.0,8.4,96.0,96.0
342,Keita Bates-Diop,DEN,24,2019-20,44,10,34,16.9,6.5,2.3,5.3,42.7,0.8,2.3,33.0,1.2,1.7,72.0,0.6,2.3,2.9,0.7,0.4,0.4,0.5,1.0,13.6,0.0,0.0,-3.9,71.0,73.0
343,Kelan Martin,MIN,24,2019-20,31,12,19,16.0,6.4,2.3,5.8,39.2,0.8,3.1,26.0,1.0,1.0,96.8,0.4,2.7,3.1,0.7,0.6,0.2,0.3,1.6,12.1,0.0,0.0,-0.7,69.0,73.0
344,Keldon Johnson,SAS,20,2019-20,17,8,9,17.7,9.1,3.1,5.2,59.6,0.8,1.3,59.1,2.1,2.6,79.5,0.6,2.8,3.4,0.9,0.8,0.8,0.1,1.6,16.5,1.0,0.0,3.9,76.0,75.0
345,Kelly Olynyk,MIA,29,2019-20,67,41,26,19.4,8.2,2.7,5.9,46.2,1.4,3.5,40.6,1.3,1.5,86.0,0.7,3.9,4.6,1.7,1.1,0.7,0.3,2.6,18.2,3.0,0.0,0.9,76.0,74.0
346,Kelly Oubre Jr.,PHX,24,2019-20,56,22,34,34.5,18.7,6.7,14.8,45.2,1.9,5.5,35.2,3.4,4.4,78.0,1.2,5.3,6.4,1.5,1.5,1.3,0.7,3.4,33.2,9.0,0.0,-0.5,81.0,86.0
350,Kemba Walker,BOS,30,2019-20,56,37,19,31.1,20.4,6.8,15.9,42.5,3.2,8.4,38.1,3.7,4.3,86.4,0.6,3.2,3.9,4.8,2.1,0.9,0.5,1.6,34.3,2.0,0.0,4.4,86.0,87.0
351,Kendrick Nunn,MIA,24,2019-20,67,42,25,29.3,15.3,6.0,13.6,43.9,2.0,5.8,35.0,1.3,1.5,85.0,0.3,2.4,2.7,3.3,1.7,0.8,0.2,2.3,24.9,0.0,0.0,0.9,76.0,78.0
352,Kenrich Williams,NOP,25,2019-20,39,12,27,21.3,3.5,1.3,3.8,34.7,0.6,2.5,25.8,0.2,0.7,34.6,1.3,3.5,4.8,1.5,0.6,0.7,0.5,2.3,14.5,0.0,0.0,-0.7,71.0,72.0
353,Kent Bazemore,SAC,30,2019-20,68,32,36,24.8,8.8,2.9,7.9,37.5,1.2,3.6,34.4,1.7,2.2,76.9,0.4,3.9,4.3,1.4,1.3,1.1,0.6,2.9,19.7,0.0,0.0,0.1,74.0,76.0
354,Kentavious Caldwell-Pope,LAL,27,2019-20,69,51,18,25.5,9.3,3.4,7.3,46.7,1.3,3.5,38.5,1.1,1.5,77.5,0.6,1.5,2.1,1.6,0.9,0.8,0.2,1.9,16.4,0.0,0.0,2.2,75.0,76.0
355,Kevin Hervey,OKC,23,2019-20,10,3,7,5.2,1.7,0.7,2.7,25.9,0.3,2.0,15.0,0.0,0.0,0.0,0.1,1.1,1.2,0.5,0.0,0.1,0.1,0.4,4.5,0.0,0.0,-3.4,68.0,69.0
356,Kevin Huerter,ATL,21,2019-20,56,19,37,31.4,12.2,4.5,10.9,41.3,2.3,6.0,38.0,0.9,1.1,82.8,0.6,3.4,4.1,3.8,1.6,0.9,0.5,2.5,25.4,2.0,0.0,-4.3,75.0,77.0
357,Kevin Knox II,NYK,20,2019-20,65,21,44,17.9,6.4,2.2,6.2,35.9,1.0,3.1,32.7,1.0,1.6,65.3,0.4,2.4,2.8,0.9,0.7,0.4,0.4,1.6,12.9,0.0,0.0,-2.8,72.0,73.0
363,Kevin Love,CLE,31,2019-20,56,16,40,31.8,17.6,5.8,13.0,45.0,2.6,7.0,37.4,3.3,3.9,85.4,1.0,8.8,9.8,3.2,2.5,0.6,0.3,1.6,34.4,23.0,0.0,-4.8,82.0,81.0
364,Kevin Porter Jr.,CLE,20,2019-20,50,15,35,23.2,10.0,3.7,8.4,44.2,1.1,3.2,33.5,1.5,2.0,72.3,0.4,2.8,3.2,2.2,1.9,0.9,0.3,2.7,18.9,0.0,0.0,-5.8,75.0,76.0
365,Kevon Looney,GSW,24,2019-20,20,6,14,13.1,3.4,1.5,4.0,36.7,0.1,0.7,7.1,0.5,0.6,75.0,1.4,1.9,3.3,1.0,0.6,0.6,0.3,1.7,11.0,0.0,0.0,-5.0,74.0,69.0
366,Khem Birch,ORL,27,2019-20,48,19,29,19.2,4.4,1.5,3.0,51.0,0.0,0.0,0.0,1.4,2.1,65.3,1.9,2.7,4.6,1.0,0.6,0.4,0.5,1.9,13.5,0.0,0.0,-2.7,72.0,73.0
367,Khris Middleton,MIL,28,2019-20,62,46,16,29.9,20.9,7.6,15.3,49.7,2.4,5.7,41.5,3.4,3.7,91.6,0.7,5.5,6.2,4.3,2.2,0.9,0.1,2.3,35.4,7.0,0.0,8.1,86.0,87.0
368,Khyri Thomas,DET,24,2019-20,8,2,6,7.7,2.1,0.6,2.1,29.4,0.6,1.8,35.7,0.3,0.5,50.0,0.1,0.0,0.1,0.4,0.4,0.4,0.0,1.1,3.6,0.0,0.0,-4.5,68.0,69.0
369,Kostas Antetokounmpo,LAL,22,2019-20,5,3,2,4.0,1.4,0.6,0.6,100.0,0.0,0.0,0.0,0.2,0.4,50.0,0.4,0.2,0.6,0.4,0.2,0.0,0.0,0.4,2.5,0.0,0.0,1.4,69.0,70.0
370,Kris Dunn,CHI,26,2019-20,51,19,32,24.9,7.3,3.0,6.7,44.4,0.6,2.2,25.9,0.8,1.1,74.1,0.5,3.2,3.6,3.4,1.3,2.0,0.3,3.1,22.4,0.0,0.0,-0.6,76.0,74.0
371,Kristaps Porzingis,DAL,24,2019-20,57,32,25,31.8,20.4,7.0,16.4,42.7,2.5,7.1,35.2,4.0,5.0,79.9,1.8,7.7,9.5,1.8,1.6,0.7,2.0,3.2,41.1,25.0,0.0,4.7,87.0,87.0
372,Ky Bowman,GSW,23,2019-20,45,9,36,22.6,7.4,3.0,7.1,41.7,0.7,2.4,30.8,0.8,0.9,82.9,0.5,2.2,2.7,2.9,1.6,1.0,0.2,2.3,17.1,0.0,0.0,-3.9,71.0,74.0
373,Kyle Alexander,MIA,23,2019-20,2,0,2,6.7,1.0,0.5,1.0,50.0,0.0,0.0,0.0,0.0,0.0,0.0,1.0,0.5,1.5,0.0,0.5,0.0,0.0,0.5,2.3,0.0,0.0,-1.5,68.0,70.0
374,Kyle Anderson,MEM,26,2019-20,67,32,35,19.8,5.8,2.3,4.9,47.4,0.4,1.3,28.2,0.8,1.2,66.7,0.9,3.4,4.3,2.4,1.0,0.8,0.6,1.7,17.6,0.0,0.0,-1.4,75.0,76.0
375,Kyle Guy,SAC,22,2019-20,3,2,1,3.2,1.3,0.7,1.7,40.0,0.0,1.0,0.0,0.0,0.0,0.0,0.0,0.3,0.3,0.3,0.0,0.0,0.0,0.3,2.2,0.0,0.0,-3.7,69.0,70.0
376,Kyle Korver,MIL,39,2019-20,58,43,15,16.6,6.7,2.2,5.1,43.0,1.7,4.1,41.8,0.6,0.7,85.4,0.3,1.8,2.1,1.2,0.8,0.4,0.2,1.3,12.1,0.0,0.0,2.2,73.0,75.0
377,Kyle Kuzma,LAL,24,2019-20,61,46,15,25.0,12.8,4.8,11.0,43.6,1.4,4.5,31.6,1.9,2.5,73.5,0.9,3.6,4.5,1.3,1.5,0.5,0.4,2.1,21.3,2.0,0.0,3.0,76.0,79.0
378,Kyle Lowry,TOR,34,2019-20,58,41,17,36.2,19.4,5.8,13.8,41.6,2.8,8.0,35.2,5.1,5.9,85.7,0.6,4.5,5.0,7.5,3.1,1.4,0.4,3.3,39.2,15.0,2.0,4.7,87.0,87.0
379,Kyle O'Quinn,PHI,30,2019-20,29,18,11,10.8,3.5,1.4,2.9,49.4,0.2,0.9,25.9,0.4,0.7,55.0,1.2,2.8,4.0,1.8,0.7,0.2,0.8,1.3,13.5,2.0,0.0,-1.1,74.0,73.0
380,Kyrie Irving,BKN,28,2019-20,20,8,12,32.9,27.4,10.0,20.8,47.8,2.8,7.1,39.4,4.7,5.1,92.2,1.1,4.1,5.2,6.4,2.6,1.4,0.5,2.7,46.1,3.0,1.0,-0.4,90.0,87.0
381,LaMarcus Aldridge,SAS,34,2019-20,53,23,30,33.1,18.9,7.4,15.0,49.3,1.2,3.0,38.9,3.0,3.6,82.7,1.9,5.5,7.4,2.4,1.4,0.7,1.6,2.4,37.0,14.0,0.0,-2.4,84.0,84.0
386,Landry Shamet,LAC,23,2019-20,53,34,19,27.4,9.3,3.0,7.4,40.4,2.1,5.6,37.5,1.2,1.4,85.5,0.1,1.8,1.9,1.9,0.8,0.4,0.2,2.7,15.3,0.0,0.0,2.3,74.0,75.0
387,Langston Galloway,DET,28,2019-20,66,20,46,25.8,10.3,3.6,8.2,43.5,2.0,5.0,39.9,1.1,1.3,85.9,0.5,1.8,2.3,1.5,0.6,0.7,0.2,1.5,17.3,0.0,0.0,-2.2,75.0,76.0
388,Larry Nance Jr.,CLE,27,2019-20,56,16,40,26.3,10.1,4.1,7.7,53.1,1.0,2.8,35.2,0.9,1.3,67.6,1.9,5.4,7.3,2.2,1.1,1.0,0.4,1.6,25.2,12.0,0.0,-2.8,79.0,76.0
389,Lauri Markkanen,CHI,23,2019-20,50,18,32,29.8,14.7,5.0,11.8,42.5,2.2,6.3,34.4,2.5,3.1,82.4,1.2,5.1,6.3,1.5,1.6,0.8,0.5,1.9,26.8,3.0,0.0,-1.4,80.0,79.0
390,LeBron James,LAL,35,2019-20,67,50,17,34.6,25.3,9.6,19.4,49.3,2.2,6.3,34.8,3.9,5.7,69.3,1.0,6.9,7.8,10.2,3.9,1.2,0.5,1.8,51.3,46.0,13.0,6.6,97.0,96.0
391,Lonnie Walker IV,SAS,21,2019-20,61,29,32,16.2,6.4,2.5,5.9,42.6,0.7,1.7,40.6,0.7,1.0,72.1,0.4,1.9,2.3,1.1,0.7,0.5,0.2,1.3,12.3,0.0,0.0,-0.1,73.0,74.0
392,Lonzo Ball,NOP,22,2019-20,63,26,37,32.1,11.8,4.4,10.9,40.3,2.3,6.3,37.5,0.7,1.2,56.6,1.1,5.0,6.1,7.0,3.1,1.4,0.6,2.0,32.5,12.0,3.0,-0.4,77.0,81.0
400,Louis King,DET,21,2019-20,10,3,7,6.2,2.0,0.8,2.1,38.1,0.4,1.1,36.4,0.0,0.3,0.0,0.1,0.9,1.0,0.5,0.2,0.2,0.0,1.0,4.4,0.0,0.0,1.9,68.0,70.0
401,Luc Mbah a Moute,HOU,33,2019-20,3,1,2,8.2,1.7,0.7,1.7,40.0,0.0,0.7,0.0,0.3,0.7,50.0,0.3,0.3,0.7,0.0,0.3,0.7,0.0,0.0,4.1,0.0,0.0,-2.3,72.0,70.0
402,Luguentz Dort,OKC,21,2019-20,36,26,10,22.8,6.8,2.4,6.1,39.4,0.8,2.8,29.7,1.2,1.5,79.2,0.7,1.6,2.3,0.8,0.6,0.9,0.1,2.7,12.9,0.0,0.0,1.5,74.0,73.0
403,Luka Doncic,DAL,21,2019-20,61,36,25,33.6,28.8,9.5,20.6,46.3,2.8,8.9,31.6,7.0,9.2,75.8,1.3,8.1,9.4,8.8,4.3,1.0,0.2,2.5,52.8,39.0,17.0,4.1,94.0,94.0
404,Luka Samanic,SAS,20,2019-20,3,1,2,16.1,5.3,1.7,5.3,31.3,1.0,2.7,37.5,1.0,1.3,75.0,0.3,3.0,3.3,2.0,0.7,0.0,0.7,2.0,13.7,0.0,0.0,1.7,72.0,69.0
405,Luke Kennard,DET,24,2019-20,28,11,17,32.9,15.8,5.4,12.2,44.2,2.6,6.5,39.9,2.4,2.7,89.3,0.3,3.2,3.5,4.1,1.5,0.4,0.2,2.3,26.5,0.0,0.0,-0.8,78.0,79.0
406,Luke Kornet,CHI,24,2019-20,36,11,25,15.5,6.0,2.3,5.2,43.9,0.9,3.0,28.7,0.6,0.8,71.4,0.6,1.7,2.3,0.9,0.4,0.3,0.7,1.5,12.8,0.0,0.0,-1.2,73.0,73.0
407,Malcolm Brogdon,IND,27,2019-20,54,34,20,30.9,16.5,6.0,13.8,43.8,1.4,4.3,32.6,3.1,3.4,89.2,0.9,4.0,4.9,7.1,2.4,0.6,0.2,1.8,33.0,9.0,0.0,1.6,83.0,79.0
408,Malcolm Miller,TOR,27,2019-20,28,24,4,5.8,1.3,0.4,1.0,41.4,0.3,0.8,36.4,0.1,0.3,37.5,0.1,0.5,0.6,0.4,0.1,0.2,0.1,0.6,3.1,0.0,0.0,2.1,69.0,70.0
409,Malik Beasley,MIN,23,2019-20,55,30,25,22.0,11.2,4.1,9.7,42.5,1.9,5.0,38.8,1.0,1.2,81.8,0.3,2.4,2.7,1.4,1.0,0.7,0.1,1.4,18.0,1.0,0.0,-0.9,77.0,76.0
410,Malik Monk,CHA,22,2019-20,55,18,37,21.3,10.3,3.9,8.9,43.4,1.1,3.7,28.4,1.5,1.8,82.0,0.5,2.4,2.9,2.1,1.4,0.5,0.3,1.3,17.6,1.0,0.0,-4.2,75.0,76.0
411,Malik Newman,CLE,23,2019-20,1,0,1,3.7,2.0,0.0,2.0,0.0,0.0,1.0,0.0,2.0,2.0,100.0,0.0,0.0,0.0,0.0,1.0,0.0,0.0,0.0,1.0,0.0,0.0,-3.0,68.0,67.0
412,Marc Gasol,TOR,35,2019-20,44,35,9,26.4,7.5,2.7,6.3,42.7,1.3,3.4,38.5,0.8,1.1,73.5,0.7,5.5,6.3,3.3,1.3,0.8,0.9,2.8,23.6,3.0,0.0,6.1,77.0,77.0
413,Marco Belinelli,SAS,34,2019-20,57,27,30,15.5,6.3,2.2,5.5,39.2,1.2,3.1,37.6,0.8,1.0,82.8,0.1,1.6,1.7,1.2,0.3,0.2,0.0,0.8,10.6,0.0,0.0,0.3,71.0,72.0
414,Marcus Morris Sr.,LAC,30,2019-20,62,26,36,31.2,16.7,5.7,13.1,43.8,2.3,5.6,40.8,2.9,3.5,82.3,1.0,4.1,5.0,1.4,1.6,0.8,0.5,2.9,26.9,3.0,0.0,0.7,78.0,79.0
415,Marcus Smart,BOS,26,2019-20,60,39,21,32.0,12.9,4.3,11.4,37.5,2.3,6.6,34.7,2.1,2.5,83.6,0.7,3.1,3.8,4.9,1.7,1.7,0.5,2.7,29.5,3.0,0.0,4.7,80.0,79.0
416,Marial Shayok,PHI,24,2019-20,4,2,2,7.0,2.8,0.8,3.0,25.0,0.5,1.5,33.3,0.8,1.0,75.0,0.3,1.5,1.8,0.3,0.8,0.0,0.3,1.0,5.2,0.0,0.0,-3.3,67.0,69.0
417,Mario Hezonja,POR,25,2019-20,53,24,29,16.4,4.8,1.7,4.1,42.2,0.5,1.5,30.8,0.9,1.1,81.4,0.6,2.9,3.5,0.9,0.8,0.7,0.2,2.0,12.2,1.0,0.0,-3.3,73.0,73.0
418,Markelle Fultz,ORL,22,2019-20,72,33,39,27.7,12.1,5.0,10.7,46.5,0.5,1.9,26.7,1.6,2.2,73.0,0.6,2.7,3.3,5.1,2.0,1.3,0.2,2.0,25.9,4.0,1.0,-0.8,77.0,77.0
419,Markieff Morris,LAL,30,2019-20,58,22,36,20.5,9.7,3.5,7.9,44.3,1.5,3.9,38.6,1.1,1.5,77.6,0.7,3.1,3.8,1.3,1.3,0.5,0.3,2.3,17.3,1.0,0.0,-2.2,75.0,76.0
420,Marko Guduric,MEM,25,2019-20,44,19,25,11.0,3.9,1.4,3.6,39.5,0.6,1.9,30.1,0.5,0.6,92.3,0.3,1.3,1.7,1.0,0.8,0.3,0.2,0.8,8.0,0.0,0.0,-0.6,69.0,72.0
421,Marques Bolden,CLE,22,2019-20,1,0,1,2.8,0.0,0.0,0.0,0.0,0.0,0.0,0.0,0.0,0.0,0.0,0.0,2.0,2.0,0.0,0.0,1.0,0.0,1.0,5.4,0.0,0.0,4.0,68.0,70.0
422,Marquese Chriss,GSW,22,2019-20,59,15,44,20.3,9.3,3.6,6.5,54.5,0.1,0.7,20.5,2.0,2.6,76.9,1.9,4.3,6.2,1.9,1.3,0.7,1.1,2.1,23.4,9.0,0.0,-3.8,76.0,77.0
423,Marvin Bagley III,SAC,21,2019-20,13,2,11,25.7,14.2,6.0,12.8,46.7,0.3,1.7,18.2,1.9,2.4,80.6,2.2,5.2,7.5,0.8,1.4,0.5,0.9,3.3,27.1,3.0,0.0,-6.8,81.0,78.0
425,Marvin Williams,MIL,34,2019-20,58,21,37,19.5,5.9,2.1,4.6,44.6,1.0,2.7,35.9,0.8,1.0,86.0,0.5,2.6,3.2,1.0,0.6,0.6,0.5,1.8,14.1,0.0,0.0,-1.4,74.0,73.0
426,Mason Plumlee,DEN,30,2019-20,61,38,23,17.3,7.2,2.9,4.7,61.5,0.0,0.1,0.0,1.4,2.5,53.5,1.6,3.6,5.2,2.5,1.3,0.5,0.6,2.3,19.3,2.0,0.0,-0.9,77.0,76.0
427,Matisse Thybulle,PHI,23,2019-20,65,40,25,19.8,4.7,1.7,4.1,42.3,0.9,2.4,35.7,0.4,0.6,61.0,0.7,1.0,1.6,1.2,0.8,1.4,0.7,2.2,14.2,0.0,0.0,0.6,75.0,74.0
428,Matt Mooney,CLE,23,2019-20,4,0,4,4.7,0.5,0.3,1.0,25.0,0.0,0.5,0.0,0.0,0.0,0.0,0.0,0.8,0.8,0.3,0.0,0.5,0.3,0.3,4.0,0.0,0.0,1.8,68.0,70.0
429,Matt Thomas,TOR,25,2019-20,41,31,10,10.7,4.9,1.8,3.7,48.7,1.1,2.4,47.5,0.2,0.3,75.0,0.2,1.3,1.5,0.5,0.4,0.2,0.0,0.9,7.9,0.0,0.0,1.6,74.0,72.0
430,Matthew Dellavedova,CLE,29,2019-20,57,17,40,14.4,3.1,1.1,3.1,35.4,0.4,1.6,23.1,0.6,0.6,86.5,0.3,1.0,1.3,3.2,1.0,0.4,0.0,1.4,9.5,1.0,0.0,-0.2,70.0,73.0
432,Max Strus,CHI,24,2019-20,2,0,2,3.1,2.5,1.0,1.5,66.7,0.0,0.5,0.0,0.5,0.5,100.0,0.5,0.0,0.5,0.0,0.0,0.0,0.0,0.5,3.1,0.0,0.0,7.5,68.0,70.0
433,Maxi Kleber,DAL,28,2019-20,74,42,32,25.5,9.1,3.2,6.9,46.1,1.6,4.3,37.3,1.1,1.3,84.9,1.5,3.7,5.2,1.2,0.8,0.3,1.1,2.4,20.8,2.0,0.0,1.4,76.0,77.0
434,Melvin Frazier Jr.,ORL,23,2019-20,19,6,13,6.6,2.1,0.8,1.8,44.1,0.4,0.8,50.0,0.1,0.2,50.0,0.1,0.4,0.5,0.2,0.3,0.5,0.1,0.6,4.4,0.0,0.0,-2.1,70.0,70.0
438,Meyers Leonard,MIA,28,2019-20,51,34,17,20.3,6.1,2.3,4.6,50.9,1.0,2.5,41.4,0.4,0.5,64.3,0.6,4.5,5.1,1.1,0.8,0.3,0.3,2.1,14.7,2.0,0.0,1.5,75.0,75.0
439,Mfiondu Kabengele,LAC,22,2019-20,12,9,3,5.4,3.5,1.2,2.7,43.8,0.8,1.7,45.0,0.4,0.4,100.0,0.1,0.8,0.9,0.2,0.2,0.2,0.2,0.8,5.7,0.0,0.0,-0.1,72.0,69.0
440,Michael Carter-Williams,ORL,28,2019-20,45,21,24,18.5,7.2,2.5,5.8,42.7,0.5,1.7,29.3,1.8,2.1,83.2,1.0,2.2,3.3,2.4,1.2,1.1,0.5,1.9,18.3,0.0,0.0,0.5,76.0,73.0
441,Michael Frazier,HOU,26,2019-20,13,7,6,11.1,2.1,0.5,2.2,24.1,0.3,1.8,17.4,0.7,1.1,64.3,0.1,0.7,0.8,0.2,0.4,0.2,0.0,1.7,3.3,0.0,0.0,-4.5,68.0,69.0
442,Michael Kidd-Gilchrist,DAL,26,2019-20,25,12,13,11.2,2.4,0.9,2.6,33.3,0.2,0.8,25.0,0.4,0.6,78.6,0.6,2.1,2.7,0.6,0.6,0.1,0.2,1.5,6.8,0.0,0.0,0.4,72.0,71.0
443,Michael Porter Jr.,DEN,22,2019-20,55,36,19,16.4,9.3,3.5,7.0,50.9,1.1,2.7,42.2,1.1,1.3,83.3,1.2,3.5,4.7,0.8,0.9,0.5,0.5,1.8,18.2,9.0,0.0,0.4,81.0,76.0
444,Mikal Bridges,PHX,23,2019-20,73,34,39,28.0,9.1,3.4,6.6,51.0,1.0,2.7,36.1,1.4,1.7,84.4,0.9,3.1,4.0,1.8,1.0,1.4,0.6,2.2,21.7,1.0,0.0,1.6,77.0,77.0
445,Mike Conley,UTA,32,2019-20,47,26,21,29.0,14.4,4.9,12.1,40.9,2.0,5.4,37.5,2.4,3.0,82.7,0.7,2.5,3.2,4.4,2.0,0.8,0.1,2.2,25.5,0.0,0.0,1.6,79.0,79.0
446,Mike Muscala,OKC,28,2019-20,47,26,21,12.2,4.8,1.6,4.0,40.7,1.1,3.0,37.8,0.4,0.5,81.8,0.3,2.0,2.3,0.9,0.4,0.2,0.3,1.2,9.8,0.0,0.0,-0.4,73.0,72.0
447,Mike Scott,PHI,31,2019-20,68,39,29,17.8,6.0,2.2,5.1,42.6,1.2,3.2,36.9,0.4,0.5,81.1,1.0,2.7,3.6,0.8,0.4,0.3,0.1,1.4,12.4,0.0,0.0,2.1,72.0,74.0
448,Miles Bridges,CHA,22,2019-20,65,23,42,30.7,13.0,4.9,11.6,42.4,1.5,4.6,33.0,1.6,2.0,80.9,1.4,4.2,5.6,1.8,1.5,0.6,0.7,2.0,24.9,4.0,0.0,-6.1,77.0,77.0
449,Mitchell Robinson,NYK,22,2019-20,61,20,41,23.2,9.7,4.1,5.6,74.2,0.0,0.0,0.0,1.4,2.4,56.8,3.0,4.0,7.0,0.6,0.6,0.9,2.0,3.2,26.8,8.0,0.0,-1.8,81.0,79.0
450,Miye Oni,UTA,22,2019-20,10,5,5,10.9,3.5,1.2,3.2,37.5,0.7,1.9,36.8,0.4,0.5,80.0,0.5,1.2,1.7,0.4,0.4,0.4,0.2,0.9,7.5,0.0,0.0,-1.6,68.0,71.0
451,Mo Bamba,ORL,22,2019-20,62,30,32,14.2,5.4,2.1,4.6,46.2,0.6,1.7,34.6,0.5,0.7,67.4,1.6,3.3,4.9,0.7,0.7,0.4,1.4,1.9,16.8,2.0,0.0,0.3,76.0,74.0
452,Monte Morris,DEN,25,2019-20,73,46,27,22.4,9.0,3.6,7.8,45.9,0.9,2.4,37.8,1.0,1.2,84.3,0.3,1.5,1.9,3.5,0.7,0.8,0.2,1.0,18.8,0.0,0.0,0.7,77.0,77.0
453,Montrezl Harrell,LAC,26,2019-20,63,44,19,27.8,18.6,7.5,12.9,58.0,0.0,0.3,0.0,3.7,5.6,65.8,2.6,4.5,7.1,1.7,1.7,0.6,1.1,2.3,33.2,12.0,0.0,4.0,82.0,87.0
454,Moritz Wagner,WAS,23,2019-20,45,15,30,18.6,8.7,3.2,5.9,54.5,0.6,1.8,31.3,1.7,2.1,82.1,1.2,3.6,4.9,1.2,1.5,0.6,0.4,3.4,18.1,2.0,0.0,-2.0,76.0,75.0
455,Moses Brown,POR,20,2019-20,9,4,5,3.6,1.2,0.4,1.1,40.0,0.0,0.0,0.0,0.3,0.9,37.5,0.3,1.2,1.6,0.1,0.3,0.1,0.1,0.8,3.6,0.0,0.0,-3.7,67.0,70.0
456,Mychal Mulder,GSW,26,2019-20,7,3,4,29.1,11.0,3.7,9.6,38.8,2.3,7.4,30.8,1.3,1.7,75.0,0.4,2.9,3.3,1.1,0.7,0.3,0.1,2.9,17.2,0.0,0.0,3.3,68.0,74.0
457,Myles Turner,IND,24,2019-20,62,37,25,29.4,12.1,4.3,9.5,45.7,1.4,4.0,34.4,2.0,2.7,75.1,1.4,5.2,6.6,1.2,1.4,0.7,2.1,2.7,28.9,9.0,0.0,-0.1,79.0,78.0
458,Nassir Little,POR,20,2019-20,48,22,26,11.9,3.6,1.4,3.1,43.0,0.3,1.2,23.7,0.6,0.9,63.6,0.6,1.6,2.3,0.5,0.3,0.3,0.3,1.5,8.3,1.0,0.0,-1.1,72.0,72.0
459,Naz Mitrou-Long,IND,26,2019-20,5,3,2,9.4,2.8,1.2,3.4,35.3,0.4,2.4,16.7,0.0,0.0,0.0,0.0,1.4,1.4,1.6,0.6,0.2,0.2,0.4,7.5,0.0,0.0,4.0,68.0,71.0
460,Naz Reid,MIN,20,2019-20,30,8,22,16.5,9.0,3.3,8.1,41.2,1.1,3.2,33.0,1.2,1.8,69.8,1.1,3.0,4.1,1.2,0.7,0.6,0.7,2.8,19.0,2.0,0.0,0.2,72.0,76.0
461,Nemanja Bjelica,SAC,32,2019-20,72,31,41,27.9,11.5,4.4,9.1,48.1,1.9,4.4,41.9,1.0,1.2,82.1,1.5,4.8,6.4,2.8,1.4,0.9,0.6,3.0,26.3,10.0,0.0,0.1,78.0,77.0
462,Nerlens Noel,OKC,26,2019-20,61,38,23,18.5,7.4,3.0,4.4,68.4,0.0,0.0,33.3,1.3,1.7,75.5,1.5,3.4,4.9,0.9,1.1,1.0,1.5,2.7,21.0,3.0,0.0,0.4,76.0,76.0
463,Nickeil Alexander-Walker,NOP,21,2019-20,47,19,28,12.6,5.7,2.1,5.7,36.8,1.0,2.8,34.6,0.5,0.8,67.6,0.2,1.6,1.8,1.9,1.1,0.4,0.2,1.2,11.1,0.0,0.0,-1.2,71.0,73.0
464,Nicolas Batum,CHA,31,2019-20,22,6,16,23.0,3.6,1.3,3.7,34.6,0.6,2.2,28.6,0.4,0.5,90.0,1.1,3.4,4.5,3.0,1.0,0.8,0.4,1.9,16.0,0.0,0.0,-2.2,73.0,72.0
465,Nicolas Claxton,BKN,21,2019-20,15,5,10,12.5,4.4,1.8,3.2,56.3,0.1,0.5,14.3,0.7,1.4,52.4,1.3,1.7,2.9,1.1,0.6,0.1,0.5,0.9,10.7,0.0,0.0,-4.5,73.0,73.0
466,Nicolo Melli,NOP,29,2019-20,60,26,34,17.4,6.6,2.3,5.4,42.1,1.2,3.4,33.5,0.9,1.2,74.0,0.6,2.4,3.0,1.4,0.8,0.6,0.4,2.1,14.3,0.0,0.0,-1.5,75.0,73.0
474,Nikola Jokic,DEN,25,2019-20,73,46,27,32.0,19.9,7.7,14.7,52.8,1.1,3.5,31.4,3.4,4.1,81.7,2.3,7.5,9.7,7.0,3.1,1.2,0.6,3.0,44.4,43.0,13.0,3.5,90.0,90.0
475,Nikola Vucevic,ORL,29,2019-20,62,28,34,32.2,19.6,8.0,16.7,47.7,1.6,4.7,33.9,2.1,2.7,78.4,2.3,8.6,10.9,3.6,1.4,0.9,0.8,2.2,41.5,41.0,0.0,0.8,86.0,81.0
476,Noah Vonleh,DEN,24,2019-20,36,13,23,10.5,3.7,1.4,2.6,56.5,0.1,0.4,20.0,0.7,0.9,78.1,1.0,2.4,3.4,0.8,0.6,0.3,0.2,1.1,9.8,0.0,0.0,-1.5,74.0,74.0
477,Norman Powell,TOR,27,2019-20,52,40,12,28.4,16.0,5.7,11.5,49.5,2.1,5.3,39.9,2.5,2.9,84.3,0.5,3.2,3.7,1.8,1.5,1.2,0.4,2.1,26.2,0.0,0.0,2.8,77.0,79.0
478,Norvel Pelle,PHI,27,2019-20,24,12,12,9.7,2.4,1.0,2.0,52.1,0.0,0.0,0.0,0.3,0.6,50.0,0.8,2.2,3.0,0.3,0.8,0.1,1.3,2.3,10.0,0.0,0.0,-3.1,71.0,72.0
479,OG Anunoby,TOR,22,2019-20,69,50,19,29.9,10.6,4.1,8.2,50.5,1.3,3.3,39.0,1.0,1.5,70.6,1.2,4.1,5.3,1.6,1.1,1.4,0.7,2.4,24.3,5.0,0.0,4.0,79.0,79.0
480,Omari Spellman,MIN,22,2019-20,49,11,38,18.1,7.6,2.6,6.0,43.1,0.9,2.2,39.1,1.5,1.9,79.3,1.6,2.9,4.5,1.0,1.1,0.7,0.5,1.3,16.7,1.0,0.0,-2.9,74.0,75.0
481,Oshae Brissett,TOR,22,2019-20,19,15,4,7.1,1.9,0.7,1.9,36.1,0.2,0.8,20.0,0.4,0.5,80.0,0.5,0.9,1.4,0.4,0.4,0.2,0.1,0.9,4.6,0.0,0.0,1.8,67.0,69.0
482,Otto Porter Jr.,CHI,27,2019-20,14,5,9,23.6,11.9,4.4,10.0,44.3,1.7,4.4,38.7,1.4,1.9,70.4,0.9,2.5,3.4,1.8,0.8,1.1,0.4,2.2,22.4,0.0,0.0,1.9,78.0,79.0
492,PJ Dozier,DEN,23,2019-20,29,18,11,14.2,5.8,2.2,5.4,41.4,0.6,1.7,34.7,0.7,1.0,72.4,0.3,1.6,1.9,2.2,0.9,0.5,0.2,1.6,12.5,0.0,0.0,-2.3,72.0,73.0
493,Pascal Siakam,TOR,26,2019-20,60,46,14,35.2,22.9,8.3,18.4,45.3,2.2,6.1,35.9,4.0,5.1,79.2,1.1,6.3,7.3,3.5,2.5,1.0,0.9,2.8,40.0,12.0,0.0,6.6,88.0,88.0
494,Pat Connaughton,MIL,27,2019-20,67,53,14,18.6,5.4,2.0,4.5,45.5,0.8,2.5,33.1,0.5,0.6,77.5,0.9,3.3,4.2,1.6,0.8,0.4,0.5,1.0,14.6,0.0,0.0,1.2,73.0,74.0
495,Patrick Beverley,LAC,31,2019-20,51,38,13,26.3,7.9,2.9,6.7,43.1,1.6,4.0,38.8,0.6,0.9,66.0,1.1,4.1,5.2,3.6,1.3,1.1,0.5,3.1,22.9,4.0,0.0,5.6,78.0,77.0
496,Patrick McCaw,TOR,24,2019-20,37,27,10,24.5,4.6,1.8,4.4,41.4,0.6,1.9,32.4,0.4,0.5,72.2,0.5,1.8,2.3,2.1,0.8,1.1,0.1,1.6,13.3,1.0,0.0,0.1,73.0,74.0
497,Patrick Patterson,LAC,31,2019-20,59,39,20,13.2,4.9,1.6,3.9,40.8,1.1,2.9,39.0,0.6,0.7,81.4,0.6,2.0,2.6,0.7,0.4,0.1,0.1,0.9,9.2,1.0,0.0,0.8,74.0,74.0
499,Paul George,LAC,30,2019-20,48,34,14,29.6,21.5,7.1,16.3,43.9,3.3,7.9,41.2,4.0,4.5,87.6,0.5,5.2,5.7,3.9,2.6,1.4,0.4,2.4,37.0,5.0,0.0,5.4,90.0,87.0
500,Paul Millsap,DEN,35,2019-20,51,30,21,24.3,11.6,4.1,8.6,48.2,1.1,2.4,43.5,2.3,2.8,81.6,1.9,3.8,5.7,1.6,1.4,0.9,0.6,2.9,23.9,5.0,0.0,4.4,79.0,77.0
501,Paul Watson,TOR,25,2019-20,10,7,3,8.7,3.1,1.0,2.6,38.5,0.4,1.2,33.3,0.7,0.9,77.8,0.2,1.5,1.7,0.8,0.3,0.4,0.1,0.5,7.5,0.0,0.0,3.3,67.0,72.0
502,Quinn Cook,LAL,27,2019-20,44,31,13,11.5,5.1,2.1,4.9,42.5,0.7,1.9,36.5,0.3,0.3,78.6,0.3,0.9,1.2,1.1,0.8,0.3,0.0,0.6,8.4,0.0,0.0,1.3,73.0,72.0
503,Quinndary Weatherspoon,SAS,23,2019-20,11,5,6,7.1,1.1,0.5,1.5,29.4,0.1,0.5,20.0,0.1,0.2,50.0,0.1,0.5,0.6,1.0,0.5,0.3,0.1,0.7,4.0,0.0,0.0,-2.1,68.0,69.0
504,RJ Barrett,NYK,20,2019-20,56,17,39,30.4,14.3,5.2,13.0,40.2,1.1,3.5,32.0,2.8,4.5,61.4,0.9,4.1,5.0,2.6,2.2,1.0,0.3,2.2,25.8,2.0,0.0,-5.8,75.0,78.0
505,Rajon Rondo,LAL,34,2019-20,48,37,11,20.5,7.1,2.9,6.8,41.8,0.9,2.6,32.8,0.6,0.9,65.9,0.5,2.5,3.0,5.0,1.9,0.8,0.0,1.2,18.9,2.0,0.0,0.9,76.0,74.0
506,Raul Neto,PHI,28,2019-20,54,29,25,12.4,5.1,1.9,4.1,45.5,0.6,1.6,38.6,0.7,0.9,83.0,0.2,0.9,1.1,1.8,0.9,0.4,0.1,0.9,9.9,0.0,0.0,0.7,73.0,74.0
507,Rayjon Tucker,UTA,22,2019-20,20,12,8,8.1,3.1,1.0,2.2,46.5,0.2,0.9,17.6,1.0,1.2,82.6,0.2,0.9,1.0,0.3,0.4,0.1,0.1,0.5,4.6,0.0,0.0,-1.2,69.0,69.0
508,Reggie Bullock,NYK,29,2019-20,29,9,20,23.6,8.1,3.1,7.7,40.2,1.3,3.8,33.3,0.6,0.7,81.0,0.4,1.9,2.3,1.4,0.7,0.9,0.1,1.9,15.3,0.0,0.0,-2.7,72.0,74.0
509,Reggie Jackson,LAC,30,2019-20,31,16,15,24.0,11.9,4.3,10.5,41.1,1.8,4.7,39.3,1.5,1.7,83.3,0.5,2.4,3.0,4.1,1.6,0.4,0.2,1.9,21.7,1.0,0.0,3.5,76.0,79.0
510,Richaun Holmes,SAC,26,2019-20,44,16,28,28.2,12.3,5.1,7.8,64.8,0.0,0.0,0.0,2.1,2.7,78.8,2.9,5.3,8.1,1.0,1.2,0.9,1.3,3.8,28.9,13.0,0.0,0.4,78.0,79.0
511,Ricky Rubio,PHX,29,2019-20,65,32,33,31.0,13.0,4.4,10.6,41.5,1.2,3.3,36.1,3.0,3.5,86.3,0.7,4.0,4.7,8.8,2.7,1.4,0.2,2.6,34.0,22.0,2.0,2.3,79.0,79.0
512,Robert Covington,HOU,29,2019-20,70,27,43,30.5,12.4,4.4,10.3,42.2,2.3,6.9,33.5,1.4,1.8,79.8,0.9,5.7,6.6,1.3,1.5,1.6,1.3,3.1,29.7,7.0,0.0,0.5,79.0,75.0
513,Robert Williams III,BOS,22,2019-20,29,19,10,13.4,5.2,2.2,3.0,72.7,0.0,0.0,0.0,0.8,1.2,64.7,1.4,3.0,4.4,0.9,0.7,0.8,1.2,1.8,17.0,0.0,0.0,1.2,74.0,74.0
514,Robin Lopez,MIL,32,2019-20,66,51,15,14.5,5.4,2.2,4.5,49.2,0.5,1.6,33.3,0.4,0.8,52.8,0.8,1.6,2.4,0.7,1.0,0.2,0.7,1.5,10.9,0.0,0.0,0.1,73.0,73.0
515,Rodions Kurucs,BKN,22,2019-20,47,18,29,14.5,4.6,1.7,3.8,44.6,0.7,1.9,36.7,0.5,0.8,63.2,0.5,2.4,2.9,1.1,1.0,0.5,0.1,1.9,10.6,0.0,0.0,-0.6,71.0,72.0
516,Rodney Hood,POR,27,2019-20,21,8,13,29.5,11.0,4.1,8.2,50.6,1.7,3.4,49.3,1.0,1.3,77.8,0.5,3.0,3.4,1.5,0.9,0.8,0.2,2.2,19.4,0.0,0.0,0.2,76.0,76.0
517,Rodney McGruder,LAC,28,2019-20,56,38,18,15.6,3.3,1.3,3.2,39.8,0.4,1.6,27.0,0.3,0.6,55.9,0.5,2.2,2.7,0.6,0.4,0.5,0.1,1.3,8.9,0.0,0.0,-0.1,71.0,72.0
518,Romeo Langford,BOS,20,2019-20,32,22,10,11.6,2.5,0.9,2.5,35.0,0.2,0.8,18.5,0.6,0.8,72.0,0.5,0.8,1.3,0.4,0.3,0.3,0.3,1.0,5.8,0.0,0.0,2.1,70.0,70.0
519,Rondae Hollis-Jefferson,TOR,25,2019-20,60,43,17,18.7,7.0,2.6,5.5,47.1,0.1,0.4,13.0,1.8,2.4,73.4,1.8,2.9,4.7,1.8,1.0,0.8,0.4,1.9,17.7,2.0,0.0,1.3,76.0,76.0
520,Royce O'Neale,UTA,27,2019-20,71,44,27,28.9,6.3,2.2,5.1,43.3,1.3,3.4,37.7,0.6,0.8,76.4,0.4,5.1,5.5,2.5,0.9,0.8,0.5,2.8,19.7,2.0,0.0,3.0,74.0,77.0
521,Rudy Gay,SAS,33,2019-20,67,30,37,21.8,10.8,4.0,8.9,44.6,1.1,3.3,33.6,1.8,2.0,88.2,0.9,4.5,5.4,1.7,1.3,0.5,0.5,1.5,21.6,4.0,0.0,0.2,79.0,77.0
522,Rudy Gobert,UTA,28,2019-20,68,42,26,34.3,15.1,5.7,8.2,69.3,0.0,0.0,0.0,3.7,5.9,63.0,3.4,10.1,13.5,1.5,1.9,0.8,2.0,3.2,39.8,49.0,0.0,4.3,87.0,87.0
523,Rui Hachimura,WAS,22,2019-20,48,15,33,30.1,13.5,5.3,11.4,46.6,0.5,1.8,28.7,2.4,2.9,82.9,1.6,4.5,6.1,1.8,1.1,0.8,0.2,2.2,25.3,3.0,0.0,-5.3,79.0,78.0
524,Russell Westbrook,HOU,31,2019-20,57,36,21,36.0,27.2,10.6,22.5,47.2,1.0,3.7,25.8,5.1,6.7,76.3,1.8,6.2,7.9,7.0,4.5,1.6,0.4,3.5,48.8,22.0,8.0,2.2,88.0,90.0
525,Ryan Anderson,HOU,32,2019-20,2,1,1,7.0,2.5,1.0,3.5,28.6,0.5,2.5,20.0,0.0,0.0,0.0,0.0,3.5,3.5,1.0,0.5,0.5,0.0,0.5,9.2,0.0,0.0,3.5,70.0,70.0
526,Ryan Arcidiacono,CHI,26,2019-20,58,21,37,16.0,4.5,1.6,3.8,40.9,0.9,2.4,39.1,0.5,0.7,71.1,0.3,1.6,1.9,1.7,0.6,0.5,0.1,1.7,10.2,0.0,0.0,-1.4,70.0,72.0
527,Ryan Broekhoff,PHI,29,2019-20,17,10,7,10.6,4.2,1.3,3.5,37.3,1.2,3.0,39.2,0.4,0.5,87.5,0.3,2.2,2.5,0.6,0.4,0.3,0.2,0.9,9.4,0.0,0.0,0.5,72.0,72.0
528,Sekou Doumbouya,DET,19,2019-20,38,10,28,19.8,6.4,2.4,6.2,39.0,0.7,2.6,28.6,0.8,1.2,67.4,0.5,2.6,3.1,0.5,0.9,0.5,0.2,2.1,12.2,2.0,0.0,-4.6,72.0,72.0
529,Semi Ojeleye,BOS,25,2019-20,69,46,23,14.6,3.4,1.2,2.8,40.8,0.7,1.8,37.8,0.4,0.5,87.5,0.4,1.7,2.1,0.5,0.3,0.3,0.1,1.2,7.6,0.0,0.0,-0.4,71.0,72.0
530,Serge Ibaka,TOR,30,2019-20,55,40,15,27.0,15.4,6.2,12.2,51.2,1.3,3.3,38.5,1.6,2.3,71.8,2.1,6.1,8.2,1.4,2.0,0.5,0.8,2.8,29.4,20.0,0.0,1.7,80.0,81.0
531,Seth Curry,DAL,29,2019-20,64,38,26,24.6,12.4,4.4,9.0,49.5,2.3,5.0,45.2,1.3,1.5,82.5,0.4,1.8,2.3,1.9,1.0,0.6,0.1,1.8,19.3,0.0,0.0,2.5,78.0,78.0
532,Shabazz Napier,WAS,28,2019-20,56,16,40,24.0,10.3,3.4,8.1,41.2,1.4,4.3,31.7,2.3,2.7,82.4,0.5,2.4,2.8,4.7,2.3,1.2,0.2,1.8,22.7,2.0,1.0,-1.7,76.0,76.0
533,Shai Gilgeous-Alexander,OKC,21,2019-20,70,43,27,34.7,19.0,6.8,14.5,47.1,1.2,3.6,34.7,4.1,5.1,80.7,0.7,5.2,5.9,3.3,1.9,1.1,0.7,1.7,34.5,9.0,1.0,2.2,84.0,87.0
534,Shake Milton,PHI,23,2019-20,40,23,17,20.1,9.4,3.4,6.9,48.4,1.5,3.4,43.0,1.3,1.6,78.5,0.4,1.8,2.2,2.6,1.2,0.5,0.2,2.3,16.8,0.0,0.0,-0.1,75.0,74.0
535,Shamorie Ponds,TOR,22,2019-20,4,4,0,2.6,2.3,0.8,1.3,60.0,0.3,0.5,50.0,0.5,0.5,100.0,0.0,0.3,0.3,0.5,0.0,0.0,0.3,0.5,4.1,0.0,0.0,0.0,68.0,70.0
536,Shaquille Harrison,CHI,26,2019-20,43,14,29,11.3,4.9,1.8,3.8,46.7,0.4,1.0,38.1,0.9,1.2,78.0,0.5,1.5,2.0,1.1,0.4,0.8,0.4,1.3,12.2,1.0,0.0,1.4,73.0,73.0
537,Sindarius Thornwell,NOP,25,2019-20,2,0,2,17.7,8.0,3.0,5.5,54.5,1.0,2.0,50.0,1.0,2.0,50.0,0.0,2.0,2.0,2.0,1.0,0.5,0.5,1.0,15.4,0.0,0.0,-1.5,71.0,74.0
538,Skal Labissiere,ATL,24,2019-20,33,14,19,17.2,5.8,2.5,4.5,55.1,0.1,0.4,23.1,0.8,1.0,75.8,2.0,3.2,5.1,1.3,0.9,0.2,0.9,2.7,16.4,1.0,0.0,0.4,74.0,76.0
539,Solomon Hill,MIA,29,2019-20,59,29,30,18.4,5.5,1.9,4.7,39.6,1.1,2.9,36.8,0.7,0.9,74.1,0.5,2.3,2.8,1.8,0.9,0.7,0.2,1.4,13.4,0.0,0.0,-1.3,71.0,74.0
540,Spencer Dinwiddie,BKN,27,2019-20,64,30,34,31.2,20.6,6.6,16.0,41.5,1.9,6.3,30.8,5.4,7.0,77.8,0.5,3.0,3.5,6.8,2.7,0.6,0.3,2.8,35.0,9.0,0.0,0.8,83.0,86.0
541,Stanley Johnson,TOR,24,2019-20,25,19,6,6.0,2.4,0.9,2.4,37.3,0.3,1.0,29.2,0.4,0.6,56.3,0.3,1.2,1.5,0.8,0.6,0.2,0.2,0.6,6.0,0.0,0.0,0.5,71.0,69.0
542,Stanton Kidd,UTA,28,2019-20,4,3,1,3.8,0.0,0.0,0.8,0.0,0.0,0.3,0.0,0.0,0.0,0.0,0.0,0.8,0.8,0.3,0.5,0.0,0.0,0.8,0.8,0.0,0.0,-0.3,68.0,70.0
543,Stephen Curry,GSW,32,2019-20,5,1,4,27.9,20.8,6.6,16.4,40.2,2.4,9.8,24.5,5.2,5.2,100.0,0.8,4.4,5.2,6.6,3.2,1.0,0.4,2.2,37.9,1.0,0.0,-9.0,95.0,87.0
544,Sterling Brown,MIL,25,2019-20,52,39,13,14.7,5.1,1.8,4.9,37.1,0.8,2.6,32.4,0.6,0.8,80.0,0.6,2.9,3.5,1.0,0.8,0.6,0.1,1.0,12.1,1.0,0.0,1.3,71.0,72.0
545,Steven Adams,OKC,26,2019-20,63,40,23,26.7,10.9,4.5,7.6,59.2,0.0,0.0,33.3,1.9,3.2,58.2,3.3,6.0,9.3,2.3,1.5,0.8,1.1,1.9,29.6,22.0,0.0,2.4,82.0,79.0
553,TJ Leaf,IND,23,2019-20,28,16,12,7.9,3.0,1.3,3.1,41.9,0.2,0.6,27.8,0.3,0.6,43.8,0.8,1.7,2.5,0.3,0.3,0.4,0.1,0.8,7.7,1.0,0.0,0.3,71.0,72.0
554,Tacko Fall,BOS,24,2019-20,7,5,2,4.6,3.3,1.6,2.0,78.6,0.0,0.0,0.0,0.1,0.4,33.3,0.1,2.0,2.1,0.1,0.4,0.1,0.6,1.0,7.8,0.0,0.0,1.0,70.0,70.0
555,Taj Gibson,NYK,35,2019-20,62,21,41,16.5,6.1,2.7,4.6,58.4,0.1,0.2,28.6,0.7,0.9,73.2,1.8,2.5,4.3,0.8,0.8,0.4,0.5,2.0,14.5,0.0,0.0,-4.2,77.0,74.0
556,Talen Horton-Tucker,LAL,19,2019-20,6,2,4,13.5,5.7,2.3,5.0,46.7,0.7,2.2,30.8,0.3,0.7,50.0,0.3,0.8,1.2,1.0,1.0,1.3,0.2,1.7,12.1,0.0,0.0,-3.0,72.0,75.0
557,Tariq Owens,PHX,25,2019-20,3,0,3,5.1,1.3,0.3,1.7,20.0,0.0,0.7,0.0,0.7,0.7,100.0,0.7,0.3,1.0,0.0,0.0,0.3,0.0,0.3,3.5,0.0,0.0,-5.3,68.0,70.0
558,Taurean Prince,BKN,26,2019-20,64,30,34,29.0,12.1,4.3,11.5,37.6,2.3,6.7,33.9,1.1,1.4,79.8,0.8,5.2,6.0,1.8,2.0,0.9,0.4,2.5,23.8,8.0,0.0,1.1,73.0,78.0
559,Terance Mann,LAC,23,2019-20,41,27,14,8.8,2.4,0.9,1.9,46.8,0.2,0.5,35.0,0.4,0.7,66.7,0.2,1.1,1.3,1.3,0.4,0.3,0.1,1.1,6.7,1.0,0.0,-0.1,71.0,72.0
560,Terence Davis,TOR,23,2019-20,72,53,19,16.8,7.5,2.8,6.1,45.6,1.3,3.4,38.8,0.7,0.8,86.4,0.7,2.6,3.3,1.6,1.1,0.5,0.2,1.7,15.0,1.0,0.0,2.8,76.0,75.0
561,Terrance Ferguson,OKC,22,2019-20,56,33,23,22.5,3.9,1.4,3.9,35.5,0.9,3.0,29.2,0.3,0.4,75.0,0.4,0.9,1.3,0.9,0.6,0.5,0.3,2.8,8.7,0.0,0.0,-2.6,71.0,72.0
562,Terrence Ross,ORL,29,2019-20,69,31,38,27.4,14.7,4.9,12.3,40.3,2.6,7.3,35.1,2.3,2.7,85.3,0.2,3.0,3.2,1.2,1.0,1.1,0.3,1.6,23.7,0.0,0.0,-1.0,78.0,79.0
563,Terry Rozier,CHA,26,2019-20,63,21,42,34.4,18.0,6.3,14.9,42.3,2.7,6.7,40.7,2.6,3.0,87.4,0.8,3.6,4.4,4.1,2.2,1.0,0.2,2.0,30.6,2.0,0.0,-6.3,79.0,79.0
564,Thabo Sefolosha,HOU,36,2019-20,41,27,14,10.6,2.2,0.9,2.2,40.7,0.4,1.3,27.8,0.1,0.2,37.5,0.5,1.8,2.3,0.6,0.4,0.6,0.3,1.0,8.1,0.0,0.0,0.9,72.0,74.0
565,Thaddeus Young,CHI,32,2019-20,64,22,42,24.9,10.3,4.2,9.4,44.8,1.2,3.5,35.6,0.7,1.1,58.3,1.5,3.5,4.9,1.8,1.6,1.4,0.4,2.1,22.7,2.0,0.0,-3.3,76.0,76.0
566,Thanasis Antetokounmpo,MIL,27,2019-20,20,16,4,6.4,2.8,1.2,2.4,50.0,0.0,0.5,0.0,0.4,0.9,41.2,0.6,0.6,1.2,0.8,0.6,0.4,0.1,0.9,6.1,0.0,0.0,-0.8,70.0,70.0
567,Theo Pinson,NYK,24,2019-20,33,15,18,11.1,3.6,1.4,4.7,29.0,0.5,2.4,18.8,0.5,0.5,93.8,0.3,1.3,1.6,1.7,1.0,0.5,0.1,1.1,9.1,0.0,0.0,-1.2,69.0,73.0
568,Thomas Bryant,WAS,22,2019-20,46,15,31,24.9,13.2,5.3,9.1,58.1,0.8,2.0,40.7,1.9,2.5,74.1,2.1,5.1,7.2,1.8,1.2,0.5,1.1,2.2,28.3,11.0,0.0,-3.5,79.0,80.0
569,Thon Maker,DET,23,2019-20,60,20,40,12.9,4.7,1.6,3.2,48.2,0.4,1.1,34.4,1.2,1.8,66.4,0.9,1.9,2.8,0.7,0.8,0.4,0.7,1.7,11.5,2.0,0.0,-2.4,73.0,73.0
570,Tim Frazier,DET,29,2019-20,27,9,18,13.1,3.6,1.3,3.5,36.2,0.4,1.1,33.3,0.7,0.9,79.2,0.3,0.9,1.2,3.4,1.3,0.5,0.1,1.6,10.9,0.0,0.0,-2.0,72.0,73.0
571,Tim Hardaway Jr.,DAL,28,2019-20,71,41,30,29.5,15.8,5.4,12.5,43.4,2.9,7.2,39.8,2.1,2.6,81.9,0.4,2.9,3.3,1.9,1.0,0.6,0.1,1.8,23.6,0.0,0.0,4.1,78.0,79.0
572,Timothe Luwawu-Cabarrot,BKN,25,2019-20,47,20,27,18.1,7.8,2.5,5.7,43.5,1.3,3.4,38.8,1.5,1.7,85.2,0.6,2.1,2.7,0.6,0.8,0.4,0.1,2.3,12.7,0.0,0.0,-1.1,74.0,73.0
573,Tobias Harris,PHI,27,2019-20,72,43,29,34.3,19.6,7.7,16.3,47.1,1.8,5.0,36.7,2.4,3.0,80.6,1.0,5.9,6.9,3.2,1.4,0.7,0.6,2.3,35.0,11.0,0.0,2.2,84.0,81.0
574,Tomas Satoransky,CHI,28,2019-20,65,22,43,28.9,9.9,3.6,8.5,43.0,1.0,3.1,32.2,1.6,1.9,87.6,1.2,2.7,3.9,5.4,2.0,1.2,0.1,2.1,24.8,3.0,0.0,-1.1,76.0,77.0
575,Tony Bradley,UTA,22,2019-20,58,36,22,11.4,4.9,2.2,3.3,66.7,0.1,0.1,100.0,0.5,0.8,65.2,1.9,2.7,4.6,0.4,0.5,0.2,0.6,2.0,12.9,1.0,0.0,-0.2,75.0,74.0
576,Tony Snell,DET,28,2019-20,59,18,41,27.8,8.0,2.9,6.5,44.5,1.7,4.3,40.2,0.5,0.5,100.0,0.2,1.7,1.9,2.2,0.5,0.5,0.3,1.7,15.4,0.0,0.0,-2.9,72.0,74.0
577,Torrey Craig,DEN,29,2019-20,58,38,20,18.5,5.4,2.1,4.6,46.1,0.8,2.4,32.6,0.4,0.6,61.1,1.1,2.2,3.3,0.8,0.4,0.4,0.6,2.3,13.2,2.0,0.0,-3.0,74.0,74.0
578,Trae Young,ATL,21,2019-20,60,18,42,35.3,29.6,9.1,20.8,43.7,3.4,9.5,36.1,8.0,9.3,86.0,0.5,3.7,4.3,9.3,4.8,1.1,0.1,1.7,47.6,28.0,2.0,-3.8,88.0,89.0
579,Tremont Waters,BOS,22,2019-20,11,8,3,10.8,3.6,1.3,4.5,28.6,0.4,2.2,16.7,0.7,0.7,100.0,0.0,1.1,1.1,1.5,1.4,0.9,0.2,1.2,9.0,0.0,0.0,1.8,69.0,70.0
580,Treveon Graham,ATL,26,2019-20,55,21,34,16.9,4.4,1.6,4.4,36.0,0.6,2.2,27.5,0.7,1.0,64.3,0.9,1.8,2.7,0.8,0.5,0.4,0.1,1.9,10.0,0.0,0.0,-2.7,71.0,72.0
581,Trevor Ariza,POR,35,2019-20,53,22,31,28.2,8.0,2.7,6.1,43.8,1.5,3.9,37.2,1.2,1.4,83.8,0.6,4.0,4.6,1.7,1.1,1.3,0.3,2.1,19.8,0.0,0.0,-0.2,74.0,76.0
582,Trey Burke,DAL,27,2019-20,33,16,17,15.8,7.4,2.8,6.3,45.0,1.0,2.3,42.7,0.7,0.9,79.3,0.5,1.0,1.5,2.5,0.6,0.5,0.1,1.0,14.0,0.0,0.0,0.8,76.0,75.0
583,Trey Lyles,SAS,24,2019-20,63,27,36,20.2,6.4,2.4,5.4,44.6,1.0,2.7,38.7,0.5,0.7,73.3,1.1,4.6,5.7,1.1,0.6,0.4,0.4,1.6,17.0,2.0,0.0,-0.9,75.0,74.0
584,Tristan Thompson,CLE,29,2019-20,57,19,38,30.2,12.0,5.1,9.9,51.2,0.2,0.4,39.1,1.7,2.8,61.5,4.0,6.2,10.1,2.1,1.8,0.6,0.9,2.2,29.9,25.0,0.0,-6.6,79.0,79.0
585,Troy Brown Jr.,WAS,20,2019-20,69,24,45,25.8,10.4,4.0,9.0,43.9,0.9,2.6,34.1,1.6,2.0,78.4,1.1,4.4,5.6,2.6,1.1,1.2,0.1,1.9,23.8,6.0,0.0,-3.3,78.0,77.0
590,Troy Daniels,DEN,28,2019-20,47,34,13,11.3,4.3,1.5,4.0,38.7,1.0,2.8,34.8,0.2,0.3,62.5,0.3,0.9,1.1,0.4,0.3,0.2,0.1,0.8,6.8,0.0,0.0,0.1,71.0,72.0
591,Ty Jerome,PHX,22,2019-20,31,16,15,10.6,3.3,1.2,3.6,33.6,0.5,1.6,28.0,0.4,0.5,75.0,0.2,1.3,1.5,1.4,0.6,0.5,0.1,0.9,8.4,0.0,0.0,-3.3,71.0,69.0
592,Tyler Cook,DEN,22,2019-20,13,3,10,4.2,1.8,0.6,0.9,66.7,0.0,0.0,0.0,0.5,0.6,87.5,0.5,0.6,1.1,0.1,0.2,0.2,0.0,0.4,3.6,0.0,0.0,-1.3,68.0,70.0
593,Tyler Herro,MIA,20,2019-20,55,34,21,27.4,13.5,4.9,11.5,42.8,2.1,5.4,38.9,1.6,1.8,87.0,0.3,3.8,4.1,2.2,1.6,0.6,0.2,1.4,22.5,1.0,0.0,-0.4,78.0,79.0
594,Tyler Johnson,BKN,28,2019-20,39,16,23,18.2,7.0,2.5,6.4,38.8,1.0,3.1,31.9,1.1,1.3,84.0,0.5,1.5,1.9,1.9,0.7,0.4,0.2,1.5,13.4,0.0,0.0,-2.6,72.0,73.0
595,Tyler Zeller,SAS,30,2019-20,2,1,1,1.9,1.0,0.5,2.0,25.0,0.0,0.0,0.0,0.0,0.0,0.0,1.5,0.5,2.0,0.0,0.0,0.0,0.0,0.0,3.4,0.0,0.0,1.5,72.0,70.0
596,Tyrone Wallace,ATL,26,2019-20,14,3,11,11.5,2.9,1.0,3.1,31.8,0.1,1.1,6.7,0.8,1.2,64.7,0.2,1.4,1.6,0.9,0.7,0.5,0.1,1.4,7.1,0.0,0.0,-2.3,68.0,69.0
597,Tyson Chandler,HOU,37,2019-20,26,15,11,8.4,1.3,0.5,0.7,77.8,0.0,0.0,0.0,0.2,0.5,46.2,1.0,1.6,2.5,0.2,0.3,0.2,0.3,1.2,6.0,0.0,0.0,1.2,72.0,73.0
598,Tyus Jones,MEM,24,2019-20,65,32,33,19.0,7.4,3.0,6.6,45.9,0.7,1.9,37.9,0.7,0.9,74.1,0.1,1.4,1.6,4.4,0.8,0.9,0.1,0.7,18.1,0.0,0.0,-0.8,76.0,74.0
599,Udonis Haslem,MIA,40,2019-20,4,3,1,11.0,3.0,1.0,2.8,36.4,0.3,0.8,33.3,0.8,1.0,75.0,0.3,3.8,4.0,0.3,0.3,0.0,0.0,1.5,7.9,0.0,0.0,-4.8,70.0,69.0
600,Vic Law,ORL,24,2019-20,8,2,6,7.7,1.9,0.8,2.3,33.3,0.1,0.9,14.3,0.3,0.8,33.3,0.3,1.1,1.4,0.4,0.3,0.3,0.0,0.8,4.6,0.0,0.0,-0.9,69.0,70.0
601,Victor Oladipo,IND,28,2019-20,19,11,8,27.8,14.5,5.1,12.9,39.4,1.7,5.5,31.7,2.5,3.1,81.4,0.5,3.5,3.9,2.9,2.5,0.9,0.2,1.9,24.5,0.0,0.0,-0.3,82.0,78.0
605,Vincent Poirier,BOS,26,2019-20,22,18,4,5.9,1.9,0.8,1.6,47.2,0.0,0.1,50.0,0.3,0.3,85.7,0.6,1.4,2.0,0.4,0.4,0.1,0.4,1.1,5.9,0.0,0.0,-0.9,73.0,70.0
606,Vlatko Cancar,DEN,23,2019-20,14,7,7,3.2,1.2,0.4,1.1,40.0,0.1,0.4,16.7,0.3,0.3,100.0,0.4,0.4,0.7,0.2,0.2,0.1,0.1,0.5,2.6,0.0,0.0,-0.6,70.0,70.0
607,Wayne Ellington,NYK,32,2019-20,36,9,27,15.5,5.1,1.7,4.8,35.1,1.4,4.0,35.0,0.3,0.4,84.6,0.1,1.7,1.8,1.2,0.5,0.4,0.1,1.1,10.0,0.0,0.0,-0.5,72.0,72.0
608,Wendell Carter Jr.,CHI,21,2019-20,43,15,28,29.2,11.3,4.3,8.0,53.4,0.1,0.7,20.7,2.6,3.5,73.7,3.2,6.2,9.4,1.2,1.7,0.8,0.8,3.8,27.5,17.0,0.0,-0.7,79.0,79.0
612,Wenyen Gabriel,POR,23,2019-20,30,10,20,7.8,2.1,0.7,1.6,43.8,0.2,0.7,30.0,0.5,0.7,68.2,0.7,1.0,1.7,0.3,0.5,0.4,0.2,1.3,5.8,0.0,0.0,-1.5,70.0,70.0
614,Wesley Matthews,MIL,33,2019-20,67,52,15,24.4,7.4,2.5,6.3,39.6,1.6,4.4,36.4,0.8,1.0,76.5,0.3,2.1,2.5,1.4,0.6,0.6,0.1,1.5,13.9,0.0,0.0,6.8,75.0,75.0
615,Will Barton,DEN,29,2019-20,58,38,20,33.0,15.1,5.7,12.7,45.0,1.9,5.0,37.5,1.8,2.3,76.7,1.3,5.0,6.3,3.7,1.5,1.1,0.5,2.1,31.2,7.0,0.0,4.2,79.0,79.0
616,William Howard,HOU,26,2019-20,2,1,1,6.6,0.0,0.0,2.0,0.0,0.0,2.0,0.0,0.0,0.0,0.0,0.0,1.0,1.0,0.5,0.5,0.0,0.0,0.5,1.5,0.0,0.0,-8.0,68.0,67.0
617,Willie Cauley-Stein,DAL,26,2019-20,54,16,38,20.3,7.2,3.2,5.6,57.9,0.0,0.0,0.0,0.7,1.2,60.6,1.6,4.3,5.8,1.3,0.7,0.9,1.1,2.2,21.5,3.0,0.0,-2.4,77.0,76.0
618,Willy Hernangomez,CHA,26,2019-20,31,7,24,12.1,6.1,2.4,4.5,53.2,0.2,0.7,22.7,1.2,1.9,62.7,1.4,2.9,4.3,0.9,1.0,0.3,0.2,1.0,13.4,2.0,0.0,-0.6,75.0,76.0
619,Wilson Chandler,BKN,33,2019-20,35,16,19,21.0,5.9,2.1,5.2,40.4,1.1,3.5,30.6,0.6,0.7,87.0,0.3,3.8,4.1,1.1,1.0,0.5,0.3,2.3,13.9,0.0,0.0,-3.4,70.0,73.0
620,Yogi Ferrell,SAC,27,2019-20,50,20,30,10.6,4.4,1.6,3.8,42.0,0.5,1.6,30.4,0.7,0.8,85.7,0.1,0.9,1.0,1.4,0.6,0.4,0.1,0.8,8.4,0.0,0.0,-0.3,71.0,73.0
621,Yuta Watanabe,MEM,25,2019-20,18,9,9,5.8,2.0,0.8,1.9,44.1,0.2,0.4,37.5,0.2,0.4,37.5,0.4,0.7,1.1,0.3,0.1,0.3,0.1,0.5,4.6,0.0,0.0,0.6,68.0,70.0
622,Zach Collins,POR,22,2019-20,11,8,3,26.4,7.0,2.9,6.2,47.1,0.6,1.7,36.8,0.5,0.7,75.0,2.3,4.0,6.3,1.5,1.3,0.5,0.5,3.3,18.2,0.0,0.0,3.3,75.0,74.0
623,Zach LaVine,CHI,25,2019-20,60,20,40,34.8,25.5,9.0,20.0,45.0,3.1,8.1,38.0,4.5,5.6,80.2,0.7,4.1,4.8,4.2,3.4,1.5,0.5,2.2,40.0,2.0,0.0,-3.2,85.0,87.0
624,Zach Norvell Jr.,GSW,22,2019-20,5,2,3,8.2,2.0,0.6,2.4,25.0,0.6,1.6,37.5,0.2,0.2,100.0,0.0,1.2,1.2,0.6,0.6,0.4,0.0,0.8,4.9,0.0,0.0,-5.4,68.0,69.0
628,Zhaire Smith,PHI,21,2019-20,7,3,4,4.6,1.1,0.4,1.6,27.3,0.0,0.4,0.0,0.3,0.6,50.0,0.0,0.3,0.3,0.3,0.3,0.4,0.0,0.6,2.9,0.0,0.0,-1.4,70.0,70.0
629,Zion Williamson,NOP,19,2019-20,24,11,13,27.8,22.5,8.8,15.0,58.3,0.3,0.6,42.9,4.8,7.4,64.0,2.7,3.6,6.3,2.1,2.5,0.7,0.4,1.8,33.8,2.0,0.0,2.6,86.0,83.0
630,Zylan Cheatham,NOP,24,2019-20,4,2,2,12.8,3.0,1.5,2.3,66.7,0.0,0.3,0.0,0.0,0.0,0.0,0.8,1.5,2.3,0.8,1.0,0.3,0.3,2.5,7.3,0.0,0.0,-7.0,67.0,70.0
